news_title,news_category,created_at,scrapped_at,url,image
[POPULER OTOMOTIF] Apakah Harus Menunggu Lampu Indikator Mati Sebelum Starter Mobil? | Alasan Menyalakan Mobil Matik Harus Injak Rem Dahulu,OTOMOTIF,08-09-2024,2024-09-08 07:03:05,https://otomotif.kompas.com/read/2024/09/08/070043015/populer-otomotif-apakah-harus-menunggu-lampu-indikator-mati-sebelum-starter,https://asset.kompas.com/crops/uRtMNbncFcSugJjGSiMXEIIWSrE=/96x0:681x390/230x152/data/photo/2022/03/16/6231930d98f01.jpg
"Kopi Berpotensi Redakan 6 Penyakit Ini, Apa Saja?",TREN,08-09-2024,2024-09-08 07:03:06,https://www.kompas.com/tren/read/2024/09/08/070000965/kopi-berpotensi-redakan-6-penyakit-ini-apa-saja-,https://asset.kompas.com/crops/LnIx1pJ-AlIGIqyA_bG-FifT_1Q=/286x236:2578x1764/230x152/data/photo/2023/09/18/65080d3626da9.jpg
"Prakiraan Cuaca di Bandung Hari Ini, 8 September 2024: Udara Kabur hingga Cerah Berawan",REGIONAL,08-09-2024,2024-09-08 07:03:06,https://bandung.kompas.com/read/2024/09/08/070000878/prakiraan-cuaca-di-bandung-hari-ini-8-september-2024--udara-kabur-hingga,https://asset.kompas.com/crops/PDxcELhqLu5kaYNC_IsrfBVTELw=/105x111:905x645/230x152/data/photo/2024/05/02/66339d6f05d82.jpg
Bahagianya Kim Soo Hyun Gelar Fan Meeting Lagi Setelah 10 Tahun,HYPE,08-09-2024,2024-09-08 07:03:07,https://www.kompas.com/hype/read/2024/09/08/070000866/bahagianya-kim-soo-hyun-gelar-fan-meeting-lagi-setelah-10-tahun-,https://asset.kompas.com/crops/FCTm8W5F8Qz_UpNUB2YmQGoEgv0=/0x0:0x0/230x152/data/photo/2024/09/07/66dc7b3997f03.jpeg
Apakah Karpet Persia Bisa Menjadi Investasi yang Menguntungkan?,PROPERTI,08-09-2024,2024-09-08 07:03:07,https://www.kompas.com/properti/read/2024/09/08/070000721/apakah-karpet-persia-bisa-menjadi-investasi-yang-menguntungkan-,https://asset.kompas.com/crops/cmUEuQE53VCO0QRk8COwPG9HQ_8=/0x0:720x480/230x152/data/photo/2022/07/05/62c39afc38f69.jpg
"Selain Pemerintah, Keterlibatan Swasta Penting Capai NZE",LESTARI,08-09-2024,2024-09-08 07:03:08,https://lestari.kompas.com/read/2024/09/08/070000886/selain-pemerintah-keterlibatan-swasta-penting-capai-nze,https://asset.kompas.com/crops/4ziuZj5401K0A1TM8f27iLrKo6A=/0x0:779x519/230x152/data/photo/2022/04/26/62679d700e5f0.jpg
Mengapa 41 Daerah Hanya Punya Calon Tunggal di Pilkada 2024?,NEWS,08-09-2024,2024-09-08 07:03:08,https://nasional.kompas.com/read/2024/09/08/07000061/mengapa-41-daerah-hanya-punya-calon-tunggal-di-pilkada-2024-,https://asset.kompas.com/crops/PxEAVR0HaQUC0zOJIhRy1HXVqCU=/0x0:750x500/230x152/data/photo/2024/04/30/66304a992a155.jpg
"Prakiraan Cuaca di Kota Malang Hari Ini, 8 September 2024 : Sore Cerah Berawan",REGIONAL,08-09-2024,2024-09-08 07:03:09,https://surabaya.kompas.com/read/2024/09/08/065800478/prakiraan-cuaca-di-kota-malang-hari-ini-8-september-2024---sore-cerah,https://asset.kompas.com/crops/Th8fRwYX0CJwkfehgou4gtTLMMw=/0x0:0x0/230x152/data/photo/2022/04/03/62497d18b8565.jpg
"Prakiraan Cuaca di Kota Surabaya Hari Ini, 8 September 2024 : Pagi Cerah Berawan",REGIONAL,08-09-2024,2024-09-08 07:03:09,https://surabaya.kompas.com/read/2024/09/08/065600078/prakiraan-cuaca-di-kota-surabaya-hari-ini-8-september-2024---pagi-cerah,https://asset.kompas.com/crops/RCWyI21DzNziJqisdaU6YvAHDDs=/0x0:1000x667/230x152/data/photo/2022/11/20/637a55e8b7ef6.jpg
"Prakiraan Cuaca di Kota Medan Hari Ini, 8 September 2024 : Malam Hujan Ringan",REGIONAL,08-09-2024,2024-09-08 07:03:10,https://medan.kompas.com/read/2024/09/08/065000678/prakiraan-cuaca-di-kota-medan-hari-ini-8-september-2024---malam-hujan-ringan,https://asset.kompas.com/crops/354S38S2Nm25li5ONxd9KAJUw78=/20x0:1024x669/230x152/data/photo/2024/07/05/66871b6e0d192.jpg
"Miliki Modal 14,3 Juta Suara, 15 Parpol di KIM Plus Jateng Yakin Menangkan Luthfi-Yasin dalam Pilkada Jateng",REGIONAL,08-09-2024,2024-09-08 07:03:10,https://regional.kompas.com/read/2024/09/08/064931678/miliki-modal-143-juta-suara-15-parpol-di-kim-plus-jateng-yakin-menangkan,https://asset.kompas.com/crops/IZbdlPSQdQ9ef_SFs_KdyBHPIyU=/0x0:0x0/230x152/data/photo/2024/09/07/66dc0e9657d82.jpg
"Prakiraan Cuaca di Kota Bogor Hari Ini, 8 September 2024 : Sore Hujan Petir",REGIONAL,08-09-2024,2024-09-08 07:03:11,https://regional.kompas.com/read/2024/09/08/064600878/prakiraan-cuaca-di-kota-bogor-hari-ini-8-september-2024---sore-hujan-petir,https://asset.kompas.com/crops/3oRGUZT0e4Tp4Ke4lqLF2QL7Hms=/75x50:675x450/230x152/data/photo/2022/10/10/634359685046d.jpg
"Hasil Irlandia Vs Inggris, Alasan Declan Rice Tidak Merayakan Gol",BOLA,08-09-2024,2024-09-08 07:03:11,https://bola.kompas.com/read/2024/09/08/06413438/hasil-irlandia-vs-inggris-alasan-declan-rice-tidak-merayakan-gol,https://asset.kompas.com/crops/erg-VsRqIwClAARpbks9NLMXu_Y=/159x0:850x461/230x152/data/photo/2024/09/08/66dce40130903.jpg
"Prakiraan Cuaca Denpasar Hari Ini, 8 Spetember 2024 : Siang Ini Cerah Berawan",REGIONAL,08-09-2024,2024-09-08 07:03:12,https://denpasar.kompas.com/read/2024/09/08/063600678/prakiraan-cuaca-denpasar-hari-ini-8-spetember-2024---siang-ini-cerah,https://asset.kompas.com/crops/1vyBBWJhqgz4Y_dfrdeHq3cPowk=/0x71:2296x1602/230x152/data/photo/2022/02/04/61fccf76c2e11.jpg
Apa Saja Suplemen Penurun Gula Darah Tinggi? Ini Daftarnya,TREN,08-09-2024,2024-09-08 07:03:12,https://www.kompas.com/tren/read/2024/09/08/063000365/apa-saja-suplemen-penurun-gula-darah-tinggi-ini-daftarnya,https://asset.kompas.com/crops/ViKh8TOiaN7Zu8nJkAxmBFMGKLo=/128x85:1152x768/230x152/data/photo/2021/09/14/6140a657a96d4.jpg
Beredar Videotron Foto Khofifah-Emil bersanding dengan Eri-Armuji di Surabaya,REGIONAL,08-09-2024,2024-09-08 07:03:13,https://surabaya.kompas.com/read/2024/09/08/062515878/beredar-videotron-foto-khofifah-emil-bersanding-dengan-eri-armuji-di,https://asset.kompas.com/crops/b9wJutzHN4xkQXcmg19GJyZNYe4=/0x0:0x0/230x152/data/photo/2024/09/07/66dc562857d6b.jpeg
Serangan Israel di Gaza Tewaskan 61 Orang dalam 48 Jam,GLOBAL,08-09-2024,2024-09-08 07:03:13,https://www.kompas.com/global/read/2024/09/08/062351070/serangan-israel-di-gaza-tewaskan-61-orang-dalam-48-jam,https://asset.kompas.com/crops/xlAnjX0IeOUsze7SmxgaKnUhPPM=/159x0:684x350/230x152/data/photo/2024/08/10/66b7173d99e23.jpg
[POPULER MONEY] Blak-blakan Bos AirAsia: Avtur yang Dijual di RI Termahal se-ASEAN | Efek Domino Gangguan Layanan E-Meterai,MONEY,08-09-2024,2024-09-08 07:03:14,https://money.kompas.com/read/2024/09/08/062200926/-populer-money-blak-blakan-bos-airasia--avtur-yang-dijual-di-ri-termahal-se,https://asset.kompas.com/crops/b__ninuABLDOP7L091FqKhBDcGY=/0x0:0x0/230x152/data/photo/2024/09/05/66d95294dd471.jpg
"Hilang 2 Hari, Kakek di Alor Ditemukan Tewas di Kebun",REGIONAL,08-09-2024,2024-09-08 07:03:14,https://regional.kompas.com/read/2024/09/08/061932878/hilang-2-hari-kakek-di-alor-ditemukan-tewas-di-kebun,https://asset.kompas.com/crops/1NQmrP83O-oMkVMxRlwOCcG356E=/0x0:0x0/230x152/data/photo/2024/09/07/66dc5014bd259.jpg
Festival Pasar Rakyat 2024 Digelar di Pasar Rangkasbitung 7-8 September 2024,TRAVEL,08-09-2024,2024-09-08 07:03:15,https://travel.kompas.com/read/2024/09/08/061827927/festival-pasar-rakyat-2024-digelar-di-pasar-rangkasbitung-7-8-september-2024,https://asset.kompas.com/crops/8lL08IkZwNYNEGYzEmTFhhUNO0I=/131x0:3506x2250/230x152/data/photo/2024/09/07/66dc433fa5aa9.jpg
"Hasil Evaluasi, Penanganan Tanggap Darurat Banjir Bandang Ternate Masih Banyak Masalah",REGIONAL,08-09-2024,2024-09-08 07:03:15,https://regional.kompas.com/read/2024/09/08/061553078/hasil-evaluasi-penanganan-tanggap-darurat-banjir-bandang-ternate-masih,https://asset.kompas.com/crops/0Y8DXgFmARhZSWljEDwQb98kqew=/0x0:0x0/230x152/data/photo/2024/09/08/66dcbfaf7a976.jpg
"Dalam 1 Jam, Perampok Ini Beraksi di 2 Minimarket di Kediri, Gasak Rp 72 Juta",REGIONAL,08-09-2024,2024-09-08 07:03:16,https://surabaya.kompas.com/read/2024/09/08/060900878/dalam-1-jam-perampok-ini-beraksi-di-2-minimarket-di-kediri-gasak-rp-72-juta,https://asset.kompas.com/crops/pafclHUGfOpqEw284x4sE_D-_8s=/1078x237:1554x555/230x152/data/photo/2024/09/06/66dabef045ac1.jpg
"Tijani Reijnders Trengginas bagi Belanda, Sehati dengan Zirkzee",BOLA,08-09-2024,2024-09-08 07:03:16,https://bola.kompas.com/read/2024/09/08/06014448/tijani-reijnders-trengginas-bagi-belanda-sehati-dengan-zirkzee,https://asset.kompas.com/crops/JDgvSNaF-qPXIzSXV0S26vGIOBg=/198x0:760x375/230x152/data/photo/2024/09/08/66dcda10e39f7.jpg
"Jadi ""New Economic Hub"", IKN Sukses Tarik Investasi Rp 56,8 Triliun",IKN,08-09-2024,2024-09-08 07:03:17,https://ikn.kompas.com/read/2024/09/08/060000587/jadi-new-economic-hub-ikn-sukses-tarik-investasi-rp-56-8-triliun,https://asset.kompas.com/crops/WItmjOL1IZ50n50mgiWdEkOCD0U=/210x140:3239x2159/230x152/data/photo/2024/07/25/66a22d950727d.jpg
Pesan Berkesan dari STY untuk Ragnar Oratmangoen,BOLA,08-09-2024,2024-09-08 07:03:17,https://bola.kompas.com/read/2024/09/08/06000078/pesan-berkesan-dari-sty-untuk-ragnar-oratmangoen,https://asset.kompas.com/crops/ZJbbMiQhQEbs6HH5LjGwtoif6z4=/0x0:1618x1078/230x152/data/photo/2024/09/06/66da10ab35c09.jpg
"Wilayah yang Berpotensi Hujan Lebat, Angin Kencang, dan Petir 8-9 September 2024",TREN,08-09-2024,2024-09-08 07:03:18,https://www.kompas.com/tren/read/2024/09/08/060000565/wilayah-yang-berpotensi-hujan-lebat-angin-kencang-dan-petir-8-9-september,https://asset.kompas.com/crops/HARpEu4K13jb7LS-rIywsGqhQc0=/0x0:5184x3456/230x152/data/photo/2023/11/06/654824cd89152.jpg
Pilkada 2024: Bawaslu Antisipasi Kerawanan di Daerah dengan Calon Tunggal,NEWS,08-09-2024,2024-09-08 07:03:18,https://nasional.kompas.com/read/2024/09/08/06000071/pilkada-2024--bawaslu-antisipasi-kerawanan-di-daerah-dengan-calon-tunggal,https://asset.kompas.com/crops/Y-K6XlufPSvTAl9piJ47uyba_uc=/0x0:0x0/230x152/data/photo/2024/06/29/667f50189807b.jpg
Ini Alasan Mengapa Karpet Persia Harganya Selangit,PROPERTI,08-09-2024,2024-09-08 07:03:19,https://www.kompas.com/properti/read/2024/09/08/060000821/ini-alasan-mengapa-karpet-persia-harganya-selangit,https://asset.kompas.com/crops/SQ8aBSSQyR76-8p8qERE_mbFJ3U=/144x96:720x480/230x152/data/photo/2022/07/05/62c39b3267882.jpg
"[UNIK GLOBAL] Temuan Paus ""Mata-mata Rusia"" di Norwegia | Melihat ""Sekolah Pencuri"" di India",GLOBAL,08-09-2024,2024-09-08 07:03:19,https://www.kompas.com/global/read/2024/09/08/055037770/unik-global-temuan-paus-mata-mata-rusia-di-norwegia-melihat-sekolah,https://asset.kompas.com/crops/3o7ORr0qiUmFwFfMFaBhLzQqEuA=/0x0:915x610/230x152/data/photo/2019/04/29/1823332649.jpg
"[POPULER NASIONAL] Wacana ""Reshuffle"" Dianggap Tak Efektif | Impresi Terbang dengan Super Hercules",NEWS,08-09-2024,2024-09-08 07:03:20,https://nasional.kompas.com/read/2024/09/08/05310371/populer-nasional-wacana-reshuffle-dianggap-tak-efektif-impresi-terbang,https://asset.kompas.com/crops/jFSiH7qNUGbwx18p7xSbWuXGwUk=/0x37:1600x1104/230x152/data/photo/2024/08/16/66bf3c95238da.jpg
5 Barang Ini Harus Tersedia Ketika Punya Mini Bar di Dapur,PROPERTI,08-09-2024,2024-09-08 07:03:20,https://www.kompas.com/properti/read/2024/09/08/053000321/5-barang-ini-harus-tersedia-ketika-punya-mini-bar-di-dapur,https://asset.kompas.com/crops/qO8JnGDWnQ9B4EepWpsOPuViNto=/0x17:612x425/230x152/data/photo/2023/09/18/6507fc79d6ec4.jpg
[POPULER TREN] Prakiraan Cuaca BMKG 7-8 September | Update Instansi Paling Ramai dan Sepi Peminat CPNS 2024,TREN,08-09-2024,2024-09-08 07:03:21,https://www.kompas.com/tren/read/2024/09/08/053000265/-populer-tren-prakiraan-cuaca-bmkg-7-8-september-update-instansi-paling,https://asset.kompas.com/crops/yctwjServq0_ZEFsGn-KnbwK6D8=/208x96:1072x672/230x152/data/photo/2024/09/07/66dc560ad2cb7.jpg
"Hasil Belanda Vs Bosnia-Herzegovina 5-2, Reijnders Jadi Bintang",BOLA,08-09-2024,2024-09-08 07:03:22,https://bola.kompas.com/read/2024/09/08/05232878/hasil-belanda-vs-bosnia-herzegovina-5-2-reijnders-jadi-bintang,https://asset.kompas.com/crops/G66iA0IW7EkimYat8412-SzlWoo=/272x0:833x373/230x152/data/photo/2024/09/08/66dcd101a98ee.jpg
"Truk Hancur Tersambar Kereta Api di Ngawi, 1 Orang Tewas",REGIONAL,08-09-2024,2024-09-08 07:03:22,https://surabaya.kompas.com/read/2024/09/08/050500778/truk-hancur-tersambar-kereta-api-di-ngawi-1-orang-tewas,https://asset.kompas.com/crops/Wa-_R0YsRyDw2CBcyb8iWP3nEI4=/272x0:1305x689/230x152/data/photo/2024/09/08/66dccb66c8cfe.jpg
"Hasil Jerman Vs Hongaria 5-0, Era Baru Der Panzer Diwarnai Aksi Magis Jamal Musiala",BOLA,08-09-2024,2024-09-08 07:03:23,https://bola.kompas.com/read/2024/09/08/05023238/hasil-jerman-vs-hongaria-5-0-era-baru-der-panzer-diwarnai-aksi-magis-jamal,https://asset.kompas.com/crops/GcFsQUWvMDojkQfyEXjmWNTU6_0=/312x0:1017x470/230x152/data/photo/2024/09/08/66dccc141214f.jpg
"8 Manfaat Nanas untuk Kesehatan, Termasuk Menurunkan Berat Badan",HEALTH,08-09-2024,2024-09-08 07:03:23,https://health.kompas.com/read/24I08050000368/8-manfaat-nanas-untuk-kesehatan-termasuk-menurunkan-berat-badan,https://asset.kompas.com/crops/WQLedBsrqpSmsZ86BQuaB7fVdOw=/0x0:5040x3360/230x152/data/photo/2024/08/11/66b85ea518f23.jpg
Pengawasan Pilkada di Daerah Calon Tunggal Sama Ketatnya dengan Daerah Lain,NEWS,08-09-2024,2024-09-08 07:03:24,https://nasional.kompas.com/read/2024/09/08/05000081/pengawasan-pilkada-di-daerah-calon-tunggal-sama-ketatnya-dengan-daerah-lain,https://asset.kompas.com/crops/bxFivElGDRXEu3M53n2Wahudtto=/0x0:0x0/230x152/data/photo/2024/04/07/66122a442434b.jpg
Pengertian Stack dan Queue serta Contoh Penerapannya dalam Pemograman,TEKNO,08-09-2024,2024-09-08 07:03:24,https://tekno.kompas.com/read/2024/09/08/03350097/pengertian-stack-dan-queue-serta-contoh-penerapannya-dalam-pemograman,https://asset.kompas.com/crops/6QSI6nsjjc9tWtJICz1oN3oI9ms=/0x0:1000x667/230x152/data/photo/2024/08/23/66c8804731761.jpg
Cara Mengaktifkan dan Mematikan Laptop dengan Benar biar Tidak Mudah Rusak,TEKNO,08-09-2024,2024-09-08 07:03:25,https://tekno.kompas.com/read/2024/09/08/03350067/cara-mengaktifkan-dan-mematikan-laptop-dengan-benar-biar-tidak-mudah-rusak-,https://asset.kompas.com/crops/Jc2KnrcHSPfTov84ZniaRY-q1Hc=/1x0:640x426/230x152/data/photo/2024/06/07/6661ecbd56813.jpg
"Hasil Irlandia Vs Inggris 0-2: Gol dari Dua ""Pengkhianat""",BOLA,08-09-2024,2024-09-08 07:03:25,https://bola.kompas.com/read/2024/09/08/00564938/hasil-irlandia-vs-inggris-0-2-gol-dari-dua-pengkhianat,https://asset.kompas.com/crops/5zxo1MKTVC8Gy1AIu3Si1AjLjxQ=/110x0:843x489/230x152/data/photo/2024/09/07/66dc832c445e7.jpg
"Maju Pilkada, 4 Caleg Terpilih DPRD Sumsel Mengundurkan Diri",REGIONAL,08-09-2024,2024-09-08 07:03:26,https://regional.kompas.com/read/2024/09/08/000427078/maju-pilkada-4-caleg-terpilih-dprd-sumsel-mengundurkan-diri,https://asset.kompas.com/crops/dENu9DgR2Aks9LQceD8ql3yX0OI=/0x1:800x534/230x152/data/photo/2019/01/22/3333337759.jpg
Tips Memilih Produk Deposito untuk Investasi Jangka Panjang,MONEY,07-09-2024,2024-09-08 07:03:26,https://money.kompas.com/read/2024/09/07/235906926/tips-memilih-produk-deposito-untuk-investasi-jangka-panjang,https://asset.kompas.com/crops/i9llehU-Ee0j3EUIHhRvr10FukE=/0x0:739x493/230x152/data/photo/2024/03/22/65fd761908952.jpg
"Tahanan di Rutan Polsek Kumpeh Ilir Tewas, Keluarga Merasa Janggal",REGIONAL,07-09-2024,2024-09-08 07:03:27,https://regional.kompas.com/read/2024/09/07/235156678/tahanan-di-rutan-polsek-kumpeh-ilir-tewas-keluarga-merasa-janggal,https://asset.kompas.com/crops/NN6YqP5a3HzKqCDCXiPLHMQkO6I=/18x3:750x492/230x152/data/photo/2020/04/01/5e8457af97717.jpg
"Konser Bondan Prakoso di Lhokseumawe Dibatalkan, Diganti Tahlil untuk Tu Sop",REGIONAL,07-09-2024,2024-09-08 07:03:28,https://regional.kompas.com/read/2024/09/07/235025378/konser-bondan-prakoso-di-lhokseumawe-dibatalkan-diganti-tahlil-untuk-tu-sop,https://asset.kompas.com/crops/MzjZbk1Yg3aCdP1Swrbs-Pgdo-E=/86x4:670x393/230x152/data/photo/2024/09/07/66dc83962e920.jpg
"Ingin Shalatkan Bacawagub Aceh Tu Sop, Warga Penuhi Masjid Raya Baiturrahman",REGIONAL,07-09-2024,2024-09-08 07:03:28,https://regional.kompas.com/read/2024/09/07/234141078/ingin-shalatkan-bacawagub-aceh-tu-sop-warga-penuhi-masjid-raya-baiturrahman,https://asset.kompas.com/crops/VySMD951Klp3MdTeFROcvQdrdzs=/0x0:0x0/230x152/data/photo/2024/09/07/66dc75b8addf7.jpg
"CFX Luncurkan Produk Derivatif Aset Kripto, Apa Itu?",MONEY,07-09-2024,2024-09-08 07:03:29,https://money.kompas.com/read/2024/09/07/233938626/cfx-luncurkan-produk-derivatif-aset-kripto-apa-itu,https://asset.kompas.com/crops/O4LRwC9Dv74QP1IPvjMIIr6trPw=/0x0:1920x1280/230x152/data/photo/2024/05/30/66582ee24c988.jpg
"Bisnis Precast Kontributor Terbesar Waskita Beton, Tembus Rp 1,11 Triliun",PROPERTI,07-09-2024,2024-09-08 07:03:29,https://www.kompas.com/properti/read/2024/09/07/232114121/bisnis-precast-kontributor-terbesar-waskita-beton-tembus-rp-111-triliun,https://asset.kompas.com/crops/OEXsFYjycFZsl5q-yT6w2koqiDc=/122x0:1472x900/230x152/data/photo/2024/09/07/66dbd65a20a40.jpeg
7-Eleven Tolak Tawaran Akuisisi Rp 595 Triliun dari Induk Circle K,MONEY,07-09-2024,2024-09-08 07:03:30,https://money.kompas.com/read/2024/09/07/231727526/7-eleven-tolak-tawaran-akuisisi-rp-595-triliun-dari-induk-circle-k,https://asset.kompas.com/crops/xiZDosBBPXuv4gfvmnn6p-Q0QUU=/196x5:698x339/230x152/data/photo/2014/01/03/14220467eleven780x390.jpg
"Diduga Hina Dosen, Rektor UIN Suska Riau Jadi Tersangka",REGIONAL,07-09-2024,2024-09-08 07:03:30,https://regional.kompas.com/read/2024/09/07/231346278/diduga-hina-dosen-rektor-uin-suska-riau-jadi-tersangka,https://asset.kompas.com/crops/Zcc-H4wEiGIYjXqkzt7uNG1haUY=/0x0:0x0/230x152/data/photo/2024/09/07/66dc75a44eb0c.jpg
Cara Transfer BCA ke DANA via KlikBCA,MONEY,07-09-2024,2024-09-08 07:03:31,https://money.kompas.com/read/2024/09/07/230500126/cara-transfer-bca-ke-dana-via-klikbca,https://asset.kompas.com/crops/OR4RWRYfRSWd2iUNXrVtPP6QvCY=/0x247:1080x967/230x152/data/photo/2023/09/16/6505b269c4749.jpg
Saat Ragnar Oratmangoen Masih Tak Yakin Cetak Gol ke Gawang Arab Saudi...,BOLA,07-09-2024,2024-09-08 07:03:31,https://bola.kompas.com/read/2024/09/07/23000678/saat-ragnar-oratmangoen-masih-tak-yakin-cetak-gol-ke-gawang-arab-saudi,https://asset.kompas.com/crops/ZJbbMiQhQEbs6HH5LjGwtoif6z4=/0x0:1618x1078/230x152/data/photo/2024/09/06/66da10ab35c09.jpg
Teknologi Pendinginan Bisa Cegah 2 Miliar Ton Emisi Akibat Food Loss,LESTARI,07-09-2024,2024-09-08 07:03:32,https://lestari.kompas.com/read/2024/09/07/230000686/teknologi-pendinginan-bisa-cegah-2-miliar-ton-emisi-akibat-food-loss,https://asset.kompas.com/crops/0lJ2YR_gdT5N-hZ-OJ_UTwrKHZE=/0x0:830x553/230x152/data/photo/2024/05/14/6643325e58e4d.jpg
"WN Belanda Terjebak di Tebing Curam Lombok, Proses Evakuasi Berlangsung 6 Jam",REGIONAL,07-09-2024,2024-09-08 07:03:32,https://regional.kompas.com/read/2024/09/07/225612478/wn-belanda-terjebak-di-tebing-curam-lombok-proses-evakuasi-berlangsung-6,https://asset.kompas.com/crops/A37wX-0etp4CoGJJ7gAO5rlUaew=/0x46:1200x846/230x152/data/photo/2024/09/07/66dc14781bdf6.jpg
Cara Transfer BCA ke DANA via myBCA,MONEY,07-09-2024,2024-09-08 07:03:33,https://money.kompas.com/read/2024/09/07/224344026/cara-transfer-bca-ke-dana-via-mybca,https://asset.kompas.com/crops/x_IXoc-WVD1T3zd8BOMfcF1k7gk=/494x63:1194x529/230x152/data/photo/2024/06/28/667e767cc6095.jpg
Masa Tanggap Darurat Banjir Bandang Ternate Diperpanjang,REGIONAL,07-09-2024,2024-09-08 07:03:33,https://regional.kompas.com/read/2024/09/07/223110378/masa-tanggap-darurat-banjir-bandang-ternate-diperpanjang,https://asset.kompas.com/crops/-vju0vcr-nf5t2a8c7Q6s5uvyJw=/0x0:0x0/230x152/data/photo/2024/09/07/66dc48eea146d.jpg
Kemenko Marves dan IGCN Kolaborasi Pusat Unggulan Rumput Laut,LESTARI,07-09-2024,2024-09-08 07:03:34,https://lestari.kompas.com/read/2024/09/07/223055086/kemenko-marves-dan-igcn-kolaborasi-pusat-unggulan-rumput-laut,https://asset.kompas.com/crops/HaXeO_HvkjOid9QkRwIEIVGHtfE=/0x1:1280x854/230x152/data/photo/2024/09/07/66dbbf9fefdd7.jpeg
"Pelamar CPNS 2024 Bisa Refund E-Meterai, Ini Caranya",MONEY,07-09-2024,2024-09-08 07:03:34,https://money.kompas.com/read/2024/09/07/222952926/pelamar-cpns-2024-bisa-refund-e-meterai-ini-caranya,https://asset.kompas.com/crops/Mg18QxNo0frV_24X_p7JKuUDfvo=/491x580:1234x1076/230x152/data/photo/2024/09/06/66dac218a4c83.jpg
Update 10 Instansi Pusat Paling Ramai dan Sepi Peminat di CPNS 2024,MONEY,07-09-2024,2024-09-08 07:03:35,https://money.kompas.com/read/2024/09/07/222614826/update-10-instansi-pusat-paling-ramai-dan-sepi-peminat-di-cpns-2024,https://asset.kompas.com/crops/DF66zR0qFXSVloU2EMO9flecymU=/0x0:1200x800/230x152/data/photo/2021/09/02/61309f1ad06c2.jpg
"Bibit Waluyo, Sutarman, dan Dudung Abdurachman Masuk Tim Pemenangan Luthfi-Yasin",REGIONAL,07-09-2024,2024-09-08 07:03:35,https://regional.kompas.com/read/2024/09/07/222114978/bibit-waluyo-sutarman-dan-dudung-abdurachman-masuk-tim-pemenangan-luthfi,https://asset.kompas.com/crops/IZbdlPSQdQ9ef_SFs_KdyBHPIyU=/0x0:0x0/230x152/data/photo/2024/09/07/66dc0e9657d82.jpg
Anggota Termuda DPRD Jateng Akui Sering Tak Masuk Kuliah karena Sibuk Pemilu,REGIONAL,07-09-2024,2024-09-08 07:03:36,https://regional.kompas.com/read/2024/09/07/220553078/anggota-termuda-dprd-jateng-akui-sering-tak-masuk-kuliah-karena-sibuk,https://asset.kompas.com/crops/m9I-3RXIOXRAV31a7CugpCeBqAY=/0x0:0x0/230x152/data/photo/2024/09/07/66dc2fa126173.jpg
Klasemen MotoGP Usai Sprint Race GP San Marino 2024: Jorge Martin Mantap di Puncak,BOLA,07-09-2024,2024-09-08 07:03:36,https://www.kompas.com/motogp/read/2024/09/07/22000858/klasemen-motogp-usai-sprint-race-gp-san-marino-2024-jorge-martin-mantap-di,https://asset.kompas.com/crops/2YgJMeq2RxX2v1K58RAw9o-8mNo=/7x104:687x557/230x152/data/photo/2024/07/06/6689459f174a2.jpg
Apa yang Terjadi jika Konsumsi Garam Terlalu Banyak? Ini Ulasannya...,HEALTH,07-09-2024,2024-09-08 07:03:37,https://health.kompas.com/read/24I07220000768/apa-yang-terjadi-jika-konsumsi-garam-terlalu-banyak-ini-ulasannya-,https://asset.kompas.com/crops/R6S9l5GC9tK724Evu6M_o_xg7VA=/101x85:974x667/230x152/data/photo/2018/02/26/2711254483.jpg
"Kebiasaan Ragnar Oratmangoen, Berdoa dan Meminta Pertolongan Tuhan",BOLA,07-09-2024,2024-09-08 07:03:37,https://bola.kompas.com/read/2024/09/07/21585758/kebiasaan-ragnar-oratmangoen-berdoa-dan-meminta-pertolongan-tuhan,https://asset.kompas.com/crops/3KJRsnDXlrR3GzkTRvaPeute2Jk=/0x0:1620x1080/230x152/data/photo/2024/09/06/66da10ab63b0b.jpg
Cara Mendapatkan Diskon Tiket Kereta Dosen dan Alumni 15 Universitas,MONEY,07-09-2024,2024-09-08 07:03:38,https://money.kompas.com/read/2024/09/07/214947126/cara-mendapatkan-diskon-tiket-kereta-dosen-dan-alumni-15-universitas,https://asset.kompas.com/crops/6dh38TWCqQk8wRgJ8S9lLAYDEHc=/77x126:779x594/230x152/data/photo/2023/12/04/656d44a522a4d.jpg
"Lanjutkan Aduan Warga Ala Ahok, Pramono Juga Bakal Manfaatkan Teknologi",NEWS,07-09-2024,2024-09-08 07:03:38,https://megapolitan.kompas.com/read/2024/09/07/21452521/lanjutkan-aduan-warga-ala-ahok-pramono-juga-bakal-manfaatkan-teknologi,https://asset.kompas.com/crops/dL_KNT8R0sxKJSRGqxg6wRKTU6c=/0x0:0x0/230x152/data/photo/2024/09/07/66dc577ad3ba7.jpg
"Tari Sigeh Pengunten dari Lampung: Sejarah Singkat, Fungsi, dan Gerak",REGIONAL,07-09-2024,2024-09-08 07:03:39,https://regional.kompas.com/read/2024/09/07/214501478/tari-sigeh-pengunten-dari-lampung-sejarah-singkat-fungsi-dan-gerak,https://asset.kompas.com/crops/y_XYH3WMa2gy6REY-AwadrudymQ=/0x0:0x0/230x152/data/photo/2021/04/28/60891fbd220a2.jpg
"Uskup Agung Jakarta Tak Mau Deklarasi Istiqlal Hanya Tersimpan di Laci, Ingin Gerakan Lanjutan",NEWS,07-09-2024,2024-09-08 07:03:39,https://nasional.kompas.com/read/2024/09/07/21350301/uskup-agung-jakarta-tak-mau-deklarasi-istiqlal-hanya-tersimpan-di-laci-ingin,https://asset.kompas.com/crops/gJZbECOagNa5JWomr7LWOCQ6NYw=/0x0:0x0/230x152/data/photo/2024/09/06/66dad5761ecea.jpg
"Bocoran Tim Pemenangan Risma-Gus Hans, Ada Menpan RB dan Wali Kota Surabaya",REGIONAL,07-09-2024,2024-09-08 07:03:40,https://surabaya.kompas.com/read/2024/09/07/213324578/bocoran-tim-pemenangan-risma-gus-hans-ada-menpan-rb-dan-wali-kota-surabaya,https://asset.kompas.com/crops/7dlvdHoJR9TW0dSm6vwlnXYqilU=/0x0:0x0/230x152/data/photo/2024/09/07/66dc3f4462aeb.jpg
"AS Konfirmasi Kasus Flu Burung Pertama Tanpa Kontak dengan Hewan, Apa Kata WHO?",GLOBAL,07-09-2024,2024-09-08 07:03:40,https://www.kompas.com/global/read/2024/09/07/213221870/as-konfirmasi-kasus-flu-burung-pertama-tanpa-kontak-dengan-hewan-apa-kata,https://asset.kompas.com/crops/uzOyE90zRE8i41K-uQ6dlzqPfP0=/0x0:500x333/230x152/data/photo/2023/02/25/63f9a183327ed.jpg
"Link Live Streaming Irlandia Vs Inggris, Kickoff 23.00 WIB",BOLA,07-09-2024,2024-09-08 07:03:41,https://bola.kompas.com/read/2024/09/07/21302818/link-live-streaming-irlandia-vs-inggris-kickoff-2300-wib,https://asset.kompas.com/crops/-Ovxjc55Lcl3fkAldpeCdeXgaH0=/120x1:655x358/230x152/data/photo/2024/07/14/6692e44adcd99.jpeg
"Demi Sapa Penggemar di Indonesia, Kim Soo Hyun Belajar Sebut Huruf ""R""",HYPE,07-09-2024,2024-09-08 07:03:41,https://www.kompas.com/hype/read/2024/09/07/213011566/demi-sapa-penggemar-di-indonesia-kim-soo-hyun-belajar-sebut-huruf-r,https://asset.kompas.com/crops/ngdnksc-quWgXnyF-AviHNNYjxc=/0x0:0x0/230x152/data/photo/2024/09/07/66dc4d0436649.jpg
Dosen Unesa Jelaskan Gejala dan Cara Pencegahan Penularan Cacar Monyet,EDUKASI,07-09-2024,2024-09-08 07:03:42,https://www.kompas.com/edu/read/2024/09/07/212807171/dosen-unesa-jelaskan-gejala-dan-cara-pencegahan-penularan-cacar-monyet,https://asset.kompas.com/crops/bp_uNVxeeKJaZeG3BslfqLtpRyY=/0x0:800x533/230x152/data/photo/2023/11/16/6555bb4c02e24.jpg
"Sejarah Brunch, Dulu Tren Orang-orang Kaya",FOOD,07-09-2024,2024-09-08 07:03:42,https://www.kompas.com/food/read/2024/09/07/212738775/sejarah-brunch-dulu-tren-orang-orang-kaya,https://asset.kompas.com/crops/wgZe0PgpraTzGpL41no558WOHHM=/0x0:6000x4000/230x152/data/photo/2024/02/22/65d76daea143e.jpg
Studi: Industri Peternakan Sapi Dapat Kurangi Emisi Hingga 30 Persen,LESTARI,07-09-2024,2024-09-08 07:03:43,https://lestari.kompas.com/read/2024/09/07/212707986/studi-industri-peternakan-sapi-dapat-kurangi-emisi-hingga-30-persen,https://asset.kompas.com/crops/2thwtDP9c6_TNgJ0tlkncbOIOI8=/0x2:1920x1282/230x152/data/photo/2024/03/05/65e6e19e868b3.jpg
"Remaja yang Tewas Usai Muntah Darah di Puncak Bogor Diduga Korban ""Bullying""",REGIONAL,07-09-2024,2024-09-08 07:03:43,https://bandung.kompas.com/read/2024/09/07/212255578/remaja-yang-tewas-usai-muntah-darah-di-puncak-bogor-diduga-korban-bullying,https://asset.kompas.com/crops/uI953Ca2fVjxkiu3UQwGs2McoZ0=/0x0:750x500/230x152/data/photo/2023/07/04/64a3e568208ed.jpg
Cara Maudy Ayunda Padu Padan Kemeja Oversized agar Tetap Feminin,LIFESTYLE,07-09-2024,2024-09-08 07:03:44,https://lifestyle.kompas.com/read/2024/09/07/212100720/cara-maudy-ayunda-padu-padan-kemeja-oversized-agar-tetap-feminin,https://asset.kompas.com/crops/3qsY3X_oEC8k_XlvuieSJCw9DnU=/0x0:0x0/230x152/data/photo/2024/09/06/66da8781c23af.jpeg
Cara Mudah Daftar Akun SSCASN untuk CPNS 2024,MONEY,07-09-2024,2024-09-08 07:03:44,https://money.kompas.com/read/2024/09/07/212037526/cara-mudah-daftar-akun-sscasn-untuk-cpns-2024,https://asset.kompas.com/crops/kkxGzMYOYiyyM4vDg_wJBZTqr5Q=/156x0:1587x954/230x152/data/photo/2024/08/19/66c32dea7308c.png
"Ridwan Kamil Janjikan RW Dapat Rp 200 Juta, Rano Karno: Tanya Beliau, Bagaimana Caranya?",NEWS,07-09-2024,2024-09-08 07:03:45,https://megapolitan.kompas.com/read/2024/09/07/21193531/ridwan-kamil-janjikan-rw-dapat-rp-200-juta-rano-karno-tanya-beliau,https://asset.kompas.com/crops/dL_KNT8R0sxKJSRGqxg6wRKTU6c=/0x0:0x0/230x152/data/photo/2024/09/07/66dc577ad3ba7.jpg
"Kota Semarang Jadi Kota Raya Terbaik Se-Indonesia, Kalahkan Surabaya hingga Bandung",REGIONAL,07-09-2024,2024-09-08 07:03:45,https://regional.kompas.com/read/2024/09/07/211547178/kota-semarang-jadi-kota-raya-terbaik-se-indonesia-kalahkan-surabaya-hingga,https://asset.kompas.com/crops/bf6dO5pX4pjXXaAdLnYTjbi1m7Q=/0x0:4000x2667/230x152/data/photo/2024/09/07/66dc5f82407bd.jpg
Bakal Cawagub Aceh Tu Sop Sudah Keluhkan Sakit 3 Bulan Terakhir,REGIONAL,07-09-2024,2024-09-08 07:03:46,https://regional.kompas.com/read/2024/09/07/211010278/bakal-cawagub-aceh-tu-sop-sudah-keluhkan-sakit-3-bulan-terakhir,https://asset.kompas.com/crops/Kn72xub2VWMCB134U1LWJSwgkSY=/0x0:0x0/230x152/data/photo/2024/09/07/66dc27405179c.jpg
Rektor Undip Minta Penghentian Sementara PPDS di RSUP Karyadi Dipertimbangkan,EDUKASI,07-09-2024,2024-09-08 07:03:49,https://www.kompas.com/edu/read/2024/09/07/210900771/rektor-undip-minta-penghentian-sementara-ppds-di-rsup-karyadi,https://asset.kompas.com/crops/cbs_UCPX00xRL9PEM7RWBdDthrQ=/0x0:0x0/230x152/data/photo/2024/09/03/66d671a6c8336.jpg
Uskup Agung Ungkap Alasan Jokowi Pilih Istana Merdeka untuk Pertemuan dengan Paus Fransiskus,NEWS,07-09-2024,2024-09-08 07:03:50,https://nasional.kompas.com/read/2024/09/07/21071101/uskup-agung-ungkap-alasan-jokowi-pilih-istana-merdeka-untuk-pertemuan-dengan,https://asset.kompas.com/crops/SrkWrqE7AzbBKpjtyWMTmfW5ZlU=/0x0:0x0/230x152/data/photo/2024/09/06/66dad57e6a931.jpg
"Diskon Tiket Kereta Api Dosen dan Alumni 15 Universitas, Cek Syaratnya",MONEY,07-09-2024,2024-09-08 07:03:50,https://money.kompas.com/read/2024/09/07/210513926/diskon-tiket-kereta-api-dosen-dan-alumni-15-universitas-cek-syaratnya,https://asset.kompas.com/crops/KV3zejaH9DQ2yrt4iOdMeAq_-lc=/40x0:1280x827/230x152/data/photo/2024/03/26/66025db10bf1f.jpg
"Mees Hilgers Tempuh 200 Km demi Mimpi, Pernah Ditelepon Arne Slot",BOLA,07-09-2024,2024-09-08 07:03:51,https://bola.kompas.com/read/2024/09/07/21003278/mees-hilgers-tempuh-200-km-demi-mimpi-pernah-ditelepon-arne-slot,https://asset.kompas.com/crops/lgcS6Ke_ZApWq11WXd_7taGRNEY=/22x0:1015x662/230x152/data/photo/2024/09/07/66db8d348f282.jpg
"Kementerian PUPR Tanam Pohon di Area Green Belt, Apa Itu?",PROPERTI,07-09-2024,2024-09-08 07:03:51,https://www.kompas.com/properti/read/2024/09/07/210000521/kementerian-pupr-tanam-pohon-di-area-green-belt-apa-itu-,https://asset.kompas.com/crops/kKDmzZiyqHf24ltrubw6E-xZ3GM=/123x0:1473x900/230x152/data/photo/2024/05/27/665425b1b8988.jpg
Target Cadangan Penyangga Energi Nasional pada 2035,MONEY,07-09-2024,2024-09-08 07:03:52,https://money.kompas.com/read/2024/09/07/210000626/target-cadangan-penyangga-energi-nasional-pada-2035,https://asset.kompas.com/crops/TyZ_f1ReJlyD3CLKGJGIRpGgkYk=/0x0:800x533/230x152/data/photo/2019/04/15/96065825.jpg
"Ilmuwan Pecahkan Misteri ""White Shark Cafe"", Tempat Berkumpulnya Hiu di Samudra Pasifik",TREN,07-09-2024,2024-09-08 07:03:52,https://www.kompas.com/tren/read/2024/09/07/210000665/ilmuwan-pecahkan-misteri-white-shark-cafe-tempat-berkumpulnya-hiu-di,https://asset.kompas.com/crops/x5ZLM3fU-OZqVmpHXE43NnktlcI=/0x0:612x408/230x152/data/photo/2023/03/28/642292b9a71ca.jpeg
The Palace Jeweler Manjakan Para Pelanggan dengan Hadiah dan Diskon di Hari Pelanggan,LIFESTYLE,07-09-2024,2024-09-08 07:03:53,https://lifestyle.kompas.com/read/2024/09/07/205917820/the-palace-jeweler-manjakan-para-pelanggan-dengan-hadiah-dan-diskon-di,https://asset.kompas.com/crops/k6bHi5anaRrWCreB9C-jws0cv8w=/0x935:2611x2675/230x152/data/photo/2024/09/07/66dc59c7a1594.jpg
"Ruri Repvblik Kecelakaan, Istri Bagikan Kondisi Terkini",HYPE,07-09-2024,2024-09-08 07:03:53,https://www.kompas.com/hype/read/2024/09/07/205106666/ruri-repvblik-kecelakaan-istri-bagikan-kondisi-terkini,https://asset.kompas.com/crops/gQF73kLVe_GCXIVkZPoUYtUzkv8=/552x108:1848x972/230x152/data/photo/2024/09/07/66dbc6ab74a39.jpg
"Hasil Klasemen Usai Sprint Race MotoGP San Marino 2024, Martin Memimpin",OTOMOTIF,07-09-2024,2024-09-08 07:03:54,https://otomotif.kompas.com/read/2024/09/07/205023215/hasil-klasemen-usai-sprint-race-motogp-san-marino-2024-martin-memimpin,https://asset.kompas.com/crops/f23gR6dDBm200j4bKlaYXCsEqRI=/0x0:711x474/230x152/data/photo/2024/09/07/66dc54b511911.jpg
Ciri-Ciri Meterai Tempel yang Dilarang BKN buat CPNS 2024,EDUKASI,07-09-2024,2024-09-08 07:03:54,https://www.kompas.com/edu/read/2024/09/07/204916971/ciri-ciri-meterai-tempel-yang-dilarang-bkn-buat-cpns-2024,https://asset.kompas.com/crops/vJOpolvMntcFeDSUvyllnq6GOvY=/75x50:675x450/230x152/data/photo/2022/02/20/62122dfe56725.jpeg
Uskup Agung Jakarta: Paus Fransiskus Tersentuh Sambutan Presiden Jokowi di GBK,NEWS,07-09-2024,2024-09-08 07:03:55,https://nasional.kompas.com/read/2024/09/07/20480371/uskup-agung-jakarta-paus-fransiskus-tersentuh-sambutan-presiden-jokowi-di,https://asset.kompas.com/crops/j8eeZ97xj_pdP56ZGl6-qDnZ_HQ=/0x0:0x0/230x152/data/photo/2024/09/06/66d9ec1c71cdb.jpg
"RGE Komitmen Dukung Transisi Energi Hijau, Targetkan 90 Persen Energi Bersih pada 2030",LESTARI,07-09-2024,2024-09-08 07:03:55,https://lestari.kompas.com/read/2024/09/07/204652586/rge-komitmen-dukung-transisi-energi-hijau-targetkan-90-persen-energi-bersih,https://asset.kompas.com/crops/ImWpgg27qoLv4Ca5oIo6HjdIQK4=/0x0:1599x1066/230x152/data/photo/2024/09/07/66dc53eaa06d4.jpeg
"Truk Garam Ditabrak KA Argo Semeru di Ngawi, Sempat Terseret 8 Meter, Sopir Meninggal",REGIONAL,07-09-2024,2024-09-08 07:03:56,https://surabaya.kompas.com/read/2024/09/07/204059778/truk-garam-ditabrak-ka-argo-semeru-di-ngawi-sempat-terseret-8-meter-sopir,https://asset.kompas.com/crops/ChQosraLuiwW6b3f0WFB1c-dG5Y=/0x0:0x0/230x152/data/photo/2024/09/07/66dc4bb28c7fc.jpg
"Dibekali Teknologi Terkini, Mobil Super™ All-in-One Protection Tawarkan Perlindungan Mesin hingga 20 Tahun",OTOMOTIF,07-09-2024,2024-09-08 07:03:56,https://otomotif.kompas.com/read/2024/09/07/204017415/dibekali-teknologi-terkini-mobil-super-all-in-one-protection-tawarkan,https://asset.kompas.com/crops/Fo1Eyqif__simz4T3_ePueeRGg0=/0x0:624x416/230x152/data/photo/2024/09/07/66dc4aca3a932.jpg
"Rano Karno Nostalgia di Taman Benyamin Sueb, Kenang Pendirian Museum ""Babe""",NEWS,07-09-2024,2024-09-08 07:03:57,https://megapolitan.kompas.com/read/2024/09/07/20362371/rano-karno-nostalgia-di-taman-benyamin-sueb-kenang-pendirian-museum-babe,https://asset.kompas.com/crops/Vd9jHDFMFjuWXuHHIcSGZ7yr5Fg=/0x0:0x0/230x152/data/photo/2024/09/07/66dc4b9ca2289.jpg
"Shahril Nizam Tak Malu Jadi Tukang Bersih-bersih di Singapura, Bergaji Rp 28 Juta Per Bulan di Usia 25 Tahun...",GLOBAL,07-09-2024,2024-09-08 07:03:57,https://www.kompas.com/global/read/2024/09/07/203046870/shahril-nizam-tak-malu-jadi-tukang-bersih-bersih-di-singapura-bergaji-rp,https://asset.kompas.com/crops/vfSUIJIT9pk1mfdC360JZ1A5uqk=/273x74:894x488/230x152/data/photo/2024/09/07/66dc54a76ec76.jpg
"Hasil Sprint Race MotoGP San Marino 2024, Martin Menang, Bagnaia Kedua",OTOMOTIF,07-09-2024,2024-09-08 07:03:58,https://otomotif.kompas.com/read/2024/09/07/203039115/hasil-sprint-race-motogp-san-marino-2024-martin-menang-bagnaia-kedua,https://asset.kompas.com/crops/m-KJb-G4abNlvyPBEqKXPXEfliY=/0x103:1440x1063/230x152/data/photo/2024/04/28/662d8ac21ac6d.jpg
Studi Baru: Ada Kaitan antara Hobi Bersolek dengan Gangguan Kepribadian Narsistik dan Psikopat,TREN,07-09-2024,2024-09-08 07:03:58,https://www.kompas.com/tren/read/2024/09/07/203000365/studi-baru--ada-kaitan-antara-hobi-bersolek-dengan-gangguan-kepribadian,https://asset.kompas.com/crops/mFmNNdCG8XbXASXJC3AjXxBuIT4=/0x0:7494x4996/230x152/data/photo/2023/04/04/642be2d5c0c1e.jpg
Pemerintah Akan Tambah 200 Unit Bus Listrik untuk Transjakarta,MONEY,07-09-2024,2024-09-08 07:03:59,https://money.kompas.com/read/2024/09/07/203000426/pemerintah-akan-tambah-200-unit-bus-listrik-untuk-transjakarta-,https://asset.kompas.com/crops/Z54PmY-q-FNkVdzNUI7-KtCJ-U8=/0x0:5472x3648/230x152/data/photo/2023/08/31/64f001138cd0a.jpg
"Janjikan Setiap RW Dapat Anggaran Rp 100 Juta-Rp 200 Juta, RK: Masa Bandung Bisa, Jakarta Enggak?",NEWS,07-09-2024,2024-09-08 07:03:59,https://megapolitan.kompas.com/read/2024/09/07/20293811/janjikan-setiap-rw-dapat-anggaran-rp-100-juta-rp-200-juta-rk-masa-bandung,https://asset.kompas.com/crops/Wfa6J2jI2hgLPKiaHFxU-V7LhRI=/0x0:0x0/230x152/data/photo/2024/09/06/66daf59c9bef9.jpg
"Berkat Program CSR Vinilon Group dan Solar Chapter, Warga Desa Banuan Kini Merdeka Air Bersih",LESTARI,07-09-2024,2024-09-08 07:04:00,https://lestari.kompas.com/read/2024/09/07/202431486/berkat-program-csr-vinilon-group-dan-solar-chapter-warga-desa-banuan-kini,https://asset.kompas.com/crops/sWlRtyf1BLYmdsfz08nOEeVDx_Q=/0x0:780x520/230x152/data/photo/2024/09/07/66dc4b97c5e2f.jpg
"Hasil Sprint Race MotoGP San Marino 2024: Jorge Martin Menang, Marquez Ke-5",BOLA,07-09-2024,2024-09-08 07:04:00,https://www.kompas.com/motogp/read/2024/09/07/20242698/hasil-sprint-race-motogp-san-marino-2024-jorge-martin-menang-marquez-ke-5,https://asset.kompas.com/crops/f23gR6dDBm200j4bKlaYXCsEqRI=/0x0:711x474/230x152/data/photo/2024/09/07/66dc54b511911.jpg
BSI Buka Layanan Weekend Banking di 504 Cabang Selama September 2024,MONEY,07-09-2024,2024-09-08 07:04:01,https://money.kompas.com/read/2024/09/07/202210326/bsi-buka-layanan-weekend-banking-di-504-cabang-selama-september-2024,https://asset.kompas.com/crops/tX03HAfHRInLgfcsQNevb0_9trM=/0x32:1000x699/230x152/data/photo/2023/11/30/65688bd57ad68.jpg
Pramono Anung Bakal Adopsi Program Aduan Masyarakat Milik Ahok,NEWS,07-09-2024,2024-09-08 07:04:01,https://megapolitan.kompas.com/read/2024/09/07/20184921/pramono-anung-bakal-adopsi-program-aduan-masyarakat-milik-ahok,https://asset.kompas.com/crops/ipd6BDO7zr-1tw79xxEUU0yeEhU=/0x0:0x0/230x152/data/photo/2022/10/18/634e02bd8df87.jpg
"Live Sprint Race MotoGP San Marino 2024, Diggia dan Bezzecchi Terjatuh",OTOMOTIF,07-09-2024,2024-09-08 07:04:02,https://otomotif.kompas.com/read/2024/09/07/201838915/live-sprint-race-motogp-san-marino-2024-diggia-dan-bezzecchi-terjatuh,https://asset.kompas.com/crops/vcTfZOd_YX0vFnz2jRVesYfKlb4=/80x53:719x480/230x152/data/photo/2024/05/29/66571217f036d.jpg
Kim Soo Hyun Buka Fan Meeting dengan Menyanyikan Soundtrack Drama Queen of Tears,HYPE,07-09-2024,2024-09-08 07:04:03,https://www.kompas.com/hype/read/2024/09/07/201302866/kim-soo-hyun-buka-fan-meeting-dengan-menyanyikan-soundtrack-drama-queen-of,https://asset.kompas.com/crops/ngdnksc-quWgXnyF-AviHNNYjxc=/0x0:0x0/230x152/data/photo/2024/09/07/66dc4d0436649.jpg
"Respons Foto Viral, Dinkes Tegaskan Tak Ada Kasus Cacar Monyet di Brebes",REGIONAL,07-09-2024,2024-09-08 07:04:03,https://regional.kompas.com/read/2024/09/07/201235678/respons-foto-viral-dinkes-tegaskan-tak-ada-kasus-cacar-monyet-di-brebes,https://asset.kompas.com/crops/A74LHKtng_OhZf7UqsW7piRTz18=/0x0:0x0/230x152/data/photo/2024/09/07/66dc348b0c481.jpg
"Paus Fransiskus Cium Tangan Imam Besar Istiqlal, Uskup Agung: Belum Pernah Lihat Gestur Bersahabat Sedalam Itu",NEWS,07-09-2024,2024-09-08 07:04:04,https://nasional.kompas.com/read/2024/09/07/20104291/paus-fransiskus-cium-tangan-imam-besar-istiqlal-uskup-agung-belum-pernah,https://asset.kompas.com/crops/xxFZAcdiDxpVKVk-Oj_n5nZjJ8k=/0x0:0x0/230x152/data/photo/2024/09/07/66dc433f1ded4.jpeg
"Sambangi Lomba Senam Sehat, Andra Soni Minta Doa dan Dukungan Masyarakat Banten",REGIONAL,07-09-2024,2024-09-08 07:04:04,https://regional.kompas.com/read/2024/09/07/200555878/sambangi-lomba-senam-sehat-andra-soni-minta-doa-dan-dukungan-masyarakat,https://asset.kompas.com/crops/49GDF6C2wjB0eMp3YUjym28sZ5s=/154x0:1837x1122/230x152/data/photo/2024/09/07/66dc498822cfe.jpeg
"Perum Bulog Buka Lowongan Kerja untuk Lulusan SMA-S1, Simak Persyaratannya",MONEY,07-09-2024,2024-09-08 07:04:05,https://money.kompas.com/read/2024/09/07/200440726/perum-bulog-buka-lowongan-kerja-untuk-lulusan-sma-s1-simak-persyaratannya,https://asset.kompas.com/crops/YP9ApdLY8eow2aWzGPK4UZ2Kp8M=/0x0:650x433/230x152/data/photo/2024/09/07/66dc4eea2b20f.png
Petenis Eugenie Bouchard Saksikan Rencana Pembangunan 6 Lapangan Padel Berstandar Internasional,BOLA,07-09-2024,2024-09-08 07:04:05,https://www.kompas.com/sports/read/2024/09/07/20040238/petenis-eugenie-bouchard-saksikan-rencana-pembangunan-6-lapangan-padel,https://asset.kompas.com/crops/WYNX8jOIsNsmmz7cf3mz-BZ3MSQ=/0x0:1500x1000/230x152/data/photo/2024/09/07/66dc49bb73935.jpg
"Putra Totti Dihina karena Bentuk Tubuh, Dibela Kiper Juara Piala Dunia",BOLA,07-09-2024,2024-09-08 07:04:06,https://bola.kompas.com/read/2024/09/07/20001038/putra-totti-dihina-karena-bentuk-tubuh-dibela-kiper-juara-piala-dunia,https://asset.kompas.com/crops/wgPavQEC3Qd55pP0BjI_H26fGb0=/0x119:691x579/230x152/data/photo/2024/09/07/66dc4a996a31b.jpg
Haruskah Menggunakan Pelembut Kain untuk Menghaluskan Handuk?,HOMEY,07-09-2024,2024-09-08 07:04:06,https://www.kompas.com/homey/read/2024/09/07/200000176/haruskah-menggunakan-pelembut-kain-untuk-menghaluskan-handuk-,https://asset.kompas.com/crops/nBFVVPx9XAnGMTvw5j0P2WmSwGQ=/0x14:960x655/230x152/data/photo/2024/04/15/661d28ff8d6e3.jpg
"Aliran Modal Asing Keluar RI Tembus Rp 2,49 Triliun dalam Sepekan",MONEY,07-09-2024,2024-09-08 07:04:07,https://money.kompas.com/read/2024/09/07/200000026/aliran-modal-asing-keluar-ri-tembus-rp-2-49-triliun-dalam-sepekan,https://asset.kompas.com/crops/38wa1lW4wfz6p1PWiwikpbW_SUA=/0x0:780x390/230x152/data/photo/2012/01/18/1146007780x390.jpg
"Oposisi Saturnus di Langit Indonesia 8 September 2024, Ini Cara Mengamatinya",TREN,07-09-2024,2024-09-08 07:04:07,https://www.kompas.com/tren/read/2024/09/07/200000965/oposisi-saturnus-di-langit-indonesia-8-september-2024-ini-cara-mengamatinya,https://asset.kompas.com/crops/VD2ftZosSu7pmmVzpB2G2Wx-TLs=/0x39:1440x999/230x152/data/photo/2022/09/05/6315b997390f5.jpg
Apa yang Terjadi jika Hipoglikemia Tidak Diobati? Ini Ulasannya...,HEALTH,07-09-2024,2024-09-08 07:04:08,https://health.kompas.com/read/24I07200000168/apa-yang-terjadi-jika-hipoglikemia-tidak-diobati-ini-ulasannya-,https://asset.kompas.com/crops/TGZB9UW4bKF0NOUj2kKFQhr8s8E=/0x0:780x390/230x152/data/photo/2014/01/20/1844535Ilustrasi-Tewas780x390.jpg
"Film Kang Mak From Pee Mak Tembus 4,2 Juta Penonton, Tora Sudiro: Enggak Pernah Kepikiran",HYPE,07-09-2024,2024-09-08 07:04:08,https://www.kompas.com/hype/read/2024/09/07/200000566/film-kang-mak-from-pee-mak-tembus-4-2-juta-penonton-tora-sudiro--enggak,https://asset.kompas.com/crops/MWXpm0EH_rneExFhkhQoz2XWfaY=/0x0:0x0/230x152/data/photo/2024/09/07/66dc39292c471.jpeg
"Ingin Gunakan Karpet Berwarna Gelap di Rumah, Ini Sederet Kelebihannya",PROPERTI,07-09-2024,2024-09-08 07:04:09,https://www.kompas.com/properti/read/2024/09/07/200000421/ingin-gunakan-karpet-berwarna-gelap-di-rumah-ini-sederet-kelebihannya,https://asset.kompas.com/crops/nj7sEE6Rb0p9TLiDMHajwjuaDAs=/0x0:1000x667/230x152/data/photo/2023/09/22/650ce9a543328.jpg
"KPU Sosialisasikan Formulir C Plano Baru untuk Pilkada 2024, Bakal Lebih Mudah Dipindai",NEWS,07-09-2024,2024-09-08 07:04:09,https://nasional.kompas.com/read/2024/09/07/19575401/kpu-sosialisasikan-formulir-c-plano-baru-untuk-pilkada-2024-bakal-lebih,https://asset.kompas.com/crops/ElS1xIWYflwbk1rXC6nGo4K8etk=/0x0:0x0/230x152/data/photo/2024/09/07/66dc13c368d65.jpeg
"Jelang Tanding Lawan Bintang Tenis Kanada Genie Bouchard, Luna Maya: Jangan Ekspektasi Saya Gimana",HYPE,07-09-2024,2024-09-08 07:04:10,https://www.kompas.com/hype/read/2024/09/07/195743666/jelang-tanding-lawan-bintang-tenis-kanada-genie-bouchard-luna-maya-jangan,https://asset.kompas.com/crops/igZxbqKVX_mDsrVH-wwM2ix5K8g=/0x44:504x380/230x152/data/photo/2024/09/07/66dc4c9c6d1e2.png
"Hanya gara-gara Senyuman, Siswa SMA di Cianjur Dipukul Guru, Pelaku Sudah 2 Kali Lakukan Kekerasan",REGIONAL,07-09-2024,2024-09-08 07:04:10,https://regional.kompas.com/read/2024/09/07/194900878/hanya-gara-gara-senyuman-siswa-sma-di-cianjur-dipukul-guru-pelaku-sudah-2,https://asset.kompas.com/crops/KzaD89x61E6ppAqZc45yrAJ-j8s=/296x234:904x639/230x152/data/photo/2024/09/06/66da4bca40a74.jpg
"Sempat Dirawat, Ruri Repvblik Disebut Sudah Tinggalkan RS Usai Kecelakaan Moge",REGIONAL,07-09-2024,2024-09-08 07:04:11,https://bandung.kompas.com/read/2024/09/07/194809478/sempat-dirawat-ruri-repvblik-disebut-sudah-tinggalkan-rs-usai-kecelakaan,https://asset.kompas.com/crops/8FOIYnbfisC8oWchSym3TTOVcS0=/0x146:900x746/230x152/data/photo/2024/09/07/66dbb087e748c.jpg
"Belajar dari Kasus Perundungan PPDS Undip, Ketahui 4 Jenis Bullying",LIFESTYLE,07-09-2024,2024-09-08 07:04:11,https://lifestyle.kompas.com/read/2024/09/07/194628020/belajar-dari-kasus-perundungan-ppds-undip-ketahui-4-jenis-bullying,https://asset.kompas.com/crops/tAhSDypCnagPciR0MTvGPhacHKI=/0x0:733x489/230x152/data/photo/2024/09/07/66dbf4c73e79e.png
Tips Aman Pakai Intercom Buat Pengendara Motor,OTOMOTIF,07-09-2024,2024-09-08 07:04:12,https://otomotif.kompas.com/read/2024/09/07/193910915/tips-aman-pakai-intercom-buat-pengendara-motor,https://asset.kompas.com/crops/sPjNkV7UEjtg9m7NIrJEJw8OkXQ=/152x67:1600x1032/230x152/data/photo/2023/09/09/64fbf32302bdc.jpeg
3 Jajanan Lokal Filipina yang Perlu Kamu Coba,FOOD,07-09-2024,2024-09-08 07:04:12,https://www.kompas.com/food/read/2024/09/07/193835275/3-jajanan-lokal-filipina-yang-perlu-kamu-coba,https://asset.kompas.com/crops/ZV8bGjA4R0TXNshY_Ce4arSbM-I=/0x54:1600x1121/230x152/data/photo/2024/09/07/66dc41dfc9961.jpeg
"Prabowo Lanjut Temui Raja Malaysia Setelah Kunker ke Thailand, Laos, hingga Brunei Darussalam",NEWS,07-09-2024,2024-09-08 07:04:13,https://nasional.kompas.com/read/2024/09/07/19312291/prabowo-lanjut-temui-raja-malaysia-setelah-kunker-ke-thailand-laos-hingga,https://asset.kompas.com/crops/oVihxhnMLaJhqUiU9pxFU3ZXMX4=/0x0:5254x3503/230x152/data/photo/2024/09/07/66dc457248f81.jpg
"Italia Jebol dalam 13 Detik, Donnarumma Belum Kelar Pakai Sarung Tangan",BOLA,07-09-2024,2024-09-08 07:04:13,https://bola.kompas.com/read/2024/09/07/19301598/italia-jebol-dalam-13-detik-donnarumma-belum-kelar-pakai-sarung-tangan,https://asset.kompas.com/crops/_QTHhzAuNZEbhvpJmGAdueMp5Ls=/102x2:828x486/230x152/data/photo/2024/09/07/66dc42b799e71.jpg
"Warganet Keluhkan Suhu Panas hingga Malam Hari, Berlangsung sampai Kapan?",TREN,07-09-2024,2024-09-08 07:04:14,https://www.kompas.com/tren/read/2024/09/07/193000965/warganet-keluhkan-suhu-panas-hingga-malam-hari-berlangsung-sampai-kapan-,https://asset.kompas.com/crops/k5tOFXkFrnnNs-KCRch56hYyVew=/0x347:1125x1097/230x152/data/photo/2024/09/07/66dc203237ae3.jpeg
Anak Pemilik Panti Asuhan Jadi Tersangka Dugaan Penganiayaan Santri Anak,REGIONAL,07-09-2024,2024-09-08 07:04:14,https://surabaya.kompas.com/read/2024/09/07/192710378/anak-pemilik-panti-asuhan-jadi-tersangka-dugaan-penganiayaan-santri-anak,https://asset.kompas.com/crops/3Scs7jkdmflcgIeMVcb51u7yO_4=/0x0:0x0/230x152/data/photo/2024/09/07/66dc3df59dc55.jpg
"PON XXI 2024 Aceh-Sumut Pemkot, Medan Tampilkan Produk UMKM Khas",UMKM,07-09-2024,2024-09-08 07:04:15,https://umkm.kompas.com/read/2024/09/07/192643283/pon-xxi-2024-aceh-sumut-pemkot-medan-tampilkan-produk-umkm-khas,https://asset.kompas.com/crops/wdsF7qc4OxmHng9um89__Gk4mLE=/0x0:0x0/230x152/data/photo/2024/09/07/66dc45aa7436f.jpeg
Terjangan Topan Super Yagi Mulai Sebabkan Korban Jiwa di Vietnam,GLOBAL,07-09-2024,2024-09-08 07:04:15,https://www.kompas.com/global/read/2024/09/07/192235570/terjangantopan-super-yagi-mulai-sebabkan-korban-jiwa-di-vietnam,https://asset.kompas.com/crops/wmpGWQbvT88a5_6Qh-6gS6DfK5Y=/1x0:1024x682/230x152/data/photo/2024/09/07/66dc44a84de2e.jpg
"Blora Culture Festival 2024, Bupati dan Forkopimda ""Nayub"" Bersama 3.000 Penari",REGIONAL,07-09-2024,2024-09-08 07:04:16,https://regional.kompas.com/read/2024/09/07/191613478/blora-culture-festival-2024-bupati-dan-forkopimda-nayub-bersama-3000-penari,https://asset.kompas.com/crops/CXp_lhQJ4WAskRkRkOd-yIX7SQo=/0x0:1599x1066/230x152/data/photo/2024/09/07/66dc365098708.jpg
"162 Game Baru September 2024, Ada ""Zelda"" dan ""EA Sports FC 25""",TEKNO,07-09-2024,2024-09-08 07:04:17,https://tekno.kompas.com/read/2024/09/07/19070067/162-game-baru-september-2024-ada-zelda-dan-ea-sports-fc-25-,https://asset.kompas.com/crops/bC2FjMOAVBd_umrfJTpbs70IBpc=/84x0:819x490/230x152/data/photo/2024/09/04/66d7cb3133c4a.png
"Isu Gempa Megatrhrust, Banyak Wisatawan Batalkan Pesanan di Restoran Gunungkidul",TRAVEL,07-09-2024,2024-09-08 07:04:17,https://travel.kompas.com/read/2024/09/07/190700127/isu-gempa-megatrhrust-banyak-wisatawan-batalkan-pesanan-di-restoran,https://asset.kompas.com/crops/BoFisRJPwJkIjAtKpjbeLNVecC8=/0x0:0x0/230x152/data/photo/2022/05/24/628ca45073add.jpg
"Pramono Anung Pelajari Konflik di Kampung Bayam, Yakin Temukan Titik Temunya",NEWS,07-09-2024,2024-09-08 07:04:18,https://megapolitan.kompas.com/read/2024/09/07/19063441/pramono-anung-pelajari-konflik-di-kampung-bayam-yakin-temukan-titik,https://asset.kompas.com/crops/41fEf4HsdMbFfZ9myedm3jVhwyg=/0x0:0x0/230x152/data/photo/2023/09/26/651282c727430.jpg
5 Tips Mengatur Keuangan Agar Bebas Hutang,MONEY,07-09-2024,2024-09-08 07:04:18,https://money.kompas.com/read/2024/09/07/190300026/5-tips-mengatur-keuangan-agar-bebas-hutang,https://asset.kompas.com/crops/3iA40Y-g-r9F0w17yoiYfA1u3qE=/0x0:1000x667/230x152/data/photo/2024/01/02/6594018504b76.jpg
Salah Seorang Teroris yang Diamankan Densus 88 di Bima Adalah Pimpinan JAD,NEWS,07-09-2024,2024-09-08 07:04:19,https://nasional.kompas.com/read/2024/09/07/19022741/salah-seorang-teroris-yang-diamankan-densus-88-di-bima-adalah-pimpinan-jad,https://asset.kompas.com/crops/vZHG_CrKXRsCpjcCPXVd3M5NSW8=/0x0:0x0/230x152/data/photo/2024/09/02/66d57d8765e9d.jpeg
"Punya 2 Kartu BPJS Ketenagakerjaan, Bisakah Dicairkan Salah Satunya?",TREN,07-09-2024,2024-09-08 07:04:19,https://www.kompas.com/tren/read/2024/09/07/190000465/punya-2-kartu-bpjs-ketenagakerjaan-bisakah-dicairkan-salah-satunya-,https://asset.kompas.com/crops/zyCtuWb6RCYtKKHQPOyvIWTQ0EA=/0x0:1331x887/230x152/data/photo/2023/11/08/654af3ea34443.png
"MotoGP Indonesia 2024: Sirkuit Mandalika Bersolek, Persiapan Detail",BOLA,07-09-2024,2024-09-08 07:04:20,https://www.kompas.com/motogp/read/2024/09/07/19000078/motogp-indonesia-2024--sirkuit-mandalika-bersolek-persiapan-detail,https://asset.kompas.com/crops/HRjeFcK4FuW6N2QIyPTQFB2xjkg=/4x0:1563x1039/230x152/data/photo/2024/09/07/66dc3a8465a0c.jpeg
Perumahan Terjangkau di Bawah Rp 200 Juta di Kabupaten Karangasem: Pilihan Ekonomis,PROPERTI,07-09-2024,2024-09-08 07:04:20,https://www.kompas.com/properti/read/2024/09/07/190000421/perumahan-terjangkau-di-bawah-rp-200-juta-di-kabupaten-karangasem-,https://asset.kompas.com/crops/k_1-GVbpD526GBe9LE94Q_tIPlQ=/0x94:1500x844/230x152/data/photo/2023/11/27/65640b8c71c60.jpg
"Dugaan Kasus Gratifikasi Karyawan BEI, Bos OJK Singgung Perusak Kredibilitas Bursa",MONEY,07-09-2024,2024-09-08 07:04:21,https://money.kompas.com/read/2024/09/07/190000326/dugaan-kasus-gratifikasi-karyawan-bei-bos-ojk-singgung-perusak-kredibilitas,https://asset.kompas.com/crops/creBirnJ7uHC6rw5h9KxYGLeFH4=/219x17:1064x580/230x152/data/photo/2023/11/30/65687031bc370.jpg
Pramono Anung Janji Pasang CCTV di Tiap RT dan RW Jika Menang Pilkada Jakarta 2024,NEWS,07-09-2024,2024-09-08 07:04:21,https://megapolitan.kompas.com/read/2024/09/07/18535691/pramono-anung-janji-pasang-cctv-di-tiap-rt-dan-rw-jika-menang-pilkada,https://asset.kompas.com/crops/NKB9Dt99ijdaRkYv764ePZD39p0=/0x0:0x0/230x152/data/photo/2024/09/07/66dc338915acb.jpg
Meksiko Tangkap Bos Kartel Narkoba yang Diduga terkait dengan Hilangnya 43 Mahasiswa,GLOBAL,07-09-2024,2024-09-08 07:04:22,https://www.kompas.com/global/read/2024/09/07/185258370/meksiko-tangkap-bos-kartel-narkoba-yang-diduga-terkait-dengan-hilangnya,https://asset.kompas.com/crops/cR1-ICecr-oADWBJa9wg6YWA3Tg=/98x0:665x378/230x152/data/photo/2024/09/07/66dc3e00830f9.jpeg
"HUT Ke-51, Bank Artha Graha Gelar Donor Darah",MONEY,07-09-2024,2024-09-08 07:04:22,https://money.kompas.com/read/2024/09/07/185104326/hut-ke-51-bank-artha-graha-gelar-donor-darah,https://asset.kompas.com/crops/rwomsNZJG59DSSraqDhZR6mtpEo=/416x277:3744x2496/230x152/data/photo/2024/09/07/66dc3d5216f11.jpg
"Rasa Syukur Para Pemain Film Kang Mak From Pee Mak Tembus 4,2 Juta Penonton",HYPE,07-09-2024,2024-09-08 07:04:23,https://www.kompas.com/hype/read/2024/09/07/184951166/rasa-syukur-para-pemain-film-kang-mak-from-pee-mak-tembus-42-juta-penonton,https://asset.kompas.com/crops/fnUxAOzHHLq7Yqqc-0eZOgfr5s4=/0x0:0x0/230x152/data/photo/2024/08/29/66d077bdbeb24.jpg
Pramono-Rano Buka Suara soal Gerakan Coblos 3 Pasang pada Pilkada 2024,NEWS,07-09-2024,2024-09-08 07:04:23,https://megapolitan.kompas.com/read/2024/09/07/18463731/pramono-rano-buka-suara-soal-gerakan-coblos-3-pasang-pada-pilkada-2024,https://asset.kompas.com/crops/NKB9Dt99ijdaRkYv764ePZD39p0=/0x0:0x0/230x152/data/photo/2024/09/07/66dc338915acb.jpg
"15 Parpol Deklarasi Dukungan, Ahmad Luthfi Beri Arahan Hadapi Pilkada Jateng",REGIONAL,07-09-2024,2024-09-08 07:04:24,https://regional.kompas.com/read/2024/09/07/184002178/15-parpol-deklarasi-dukungan-ahmad-luthfi-beri-arahan-hadapi-pilkada-jateng,https://asset.kompas.com/crops/IZbdlPSQdQ9ef_SFs_KdyBHPIyU=/0x0:0x0/230x152/data/photo/2024/09/07/66dc0e9657d82.jpg
"Kejar Polisi Pakai Parang, Kakak-Adik di Muna Ditangkap",REGIONAL,07-09-2024,2024-09-08 07:04:24,https://regional.kompas.com/read/2024/09/07/183817678/kejar-polisi-pakai-parang-kakak-adik-di-muna-ditangkap,https://asset.kompas.com/crops/-SuzE1kp7d0REuNxdHaNsPxVHeM=/104x0:693x393/230x152/data/photo/2024/09/07/66dc3878db325.jpg
"Timnas Indonesia Solid Bertahan, Ujian Australia yang ""Mabuk Berat""",BOLA,07-09-2024,2024-09-08 07:04:25,https://bola.kompas.com/read/2024/09/07/18301348/timnas-indonesia-solid-bertahan-ujian-australia-yang-mabuk-berat,https://asset.kompas.com/crops/ZJbbMiQhQEbs6HH5LjGwtoif6z4=/0x0:1618x1078/230x152/data/photo/2024/09/06/66da10ab35c09.jpg
"IHSG Diprediksi Tembus 8.000, OJK: Kami Tidak Berani Nujum Target",MONEY,07-09-2024,2024-09-08 07:04:25,https://money.kompas.com/read/2024/09/07/183000026/ihsg-diprediksi-tembus-8.000-ojk--kami-tidak-berani-nujum-target,https://asset.kompas.com/crops/Tij4Nfjk1Q8ZtIbYesLwGyWidjk=/0x0:0x0/230x152/data/photo/2024/07/22/669e17f9e20bc.jpeg
"Sejarah ""High Heels"", Dulu Dipakai Laki-laki, Kini Jadi Simbol Kecantikan Wanita",TREN,07-09-2024,2024-09-08 07:04:26,https://www.kompas.com/tren/read/2024/09/07/183000665/sejarah-high-heels-dulu-dipakai-laki-laki-kini-jadi-simbol-kecantikan,https://asset.kompas.com/crops/Oc95s8cZ3Jg_kYEZTOOHLH9N2yY=/0x1034:1390x1960/230x152/data/photo/2024/09/07/66dc083d41289.jpg
KPU Sebut Aturan Dana Kampanye Pilkada Ditentukan KPU Daerah,NEWS,07-09-2024,2024-09-08 07:04:26,https://nasional.kompas.com/read/2024/09/07/18283191/kpu-sebut-aturan-dana-kampanye-pilkada-ditentukan-kpu-daerah,https://asset.kompas.com/crops/ElS1xIWYflwbk1rXC6nGo4K8etk=/0x0:0x0/230x152/data/photo/2024/09/07/66dc13c368d65.jpeg
5 Cara Membuat Ruang Keluarga Kecil Terasa Mahal,HOMEY,07-09-2024,2024-09-08 07:04:27,https://www.kompas.com/homey/read/2024/09/07/182800576/5-cara-membuat-ruang-keluarga-kecil-terasa-mahal,https://asset.kompas.com/crops/Pfabwvx--O4E8U5ekbs3tzuUVOg=/1x0:1000x667/230x152/data/photo/2024/02/12/65c9ccc250319.jpg
Sedang Bepergian ke Luar Kota? Sabrina BRI Bisa Bantu Carikan Merchant Pilihan,ADVERTORIAL,07-09-2024,2024-09-08 07:04:27,https://biz.kompas.com/read/2024/09/07/182455128/sedang-bepergian-ke-luar-kota-sabrina-bri-bisa-bantu-carikan-merchant-pilihan,https://asset.kompas.com/crops/NiFidhcN8zKsgQke_IkSVyypQlI=/0x0:780x520/230x152/data/photo/2024/09/07/66dc37cbb658f.jpg
"Jelang Kedatangan Paus Fransiskus, Pemerintah Timor Leste Gusur Rumah-rumah",GLOBAL,07-09-2024,2024-09-08 07:04:28,https://www.kompas.com/global/read/2024/09/07/182200870/jelang-kedatangan-paus-fransiskus-pemerintah-timor-leste-gusur-rumah,https://asset.kompas.com/crops/pWqBWtJp0kRkrEJ7dXjcUGc3tnc=/30x0:704x449/230x152/data/photo/2024/09/07/66dc2ff126a42.png
"Begini Cara Belok Kanan Agar Tidak Kagok, Pemotor Pemula Wajib Paham",OTOMOTIF,07-09-2024,2024-09-08 07:04:28,https://otomotif.kompas.com/read/2024/09/07/182200915/begini-cara-belok-kanan-agar-tidak-kagok-pemotor-pemula-wajib-paham,https://asset.kompas.com/crops/HyPBhWO-PLX4PgQW_Q8nHAVoO-o=/0x0:0x0/230x152/data/photo/2024/03/02/65e312e1b169d.jpg
"Jokowi Buka Opsi Reshuffle Usai Dua Menteri Mundur, Pengamat: Siapa Pun Penggantinya, Tak Akan Signifikan",NEWS,07-09-2024,2024-09-08 07:04:29,https://nasional.kompas.com/read/2024/09/07/18093591/jokowi-buka-opsi-reshuffle-usai-dua-menteri-mundur-pengamat-siapa-pun,https://asset.kompas.com/crops/jFSiH7qNUGbwx18p7xSbWuXGwUk=/0x37:1600x1104/230x152/data/photo/2024/08/16/66bf3c95238da.jpg
"Queen of Tears Masih Dicintai 5 Bulan Usai Tamat, Kim Soo Hyun Kembali Berterima Kasih",HYPE,07-09-2024,2024-09-08 07:04:29,https://www.kompas.com/hype/read/2024/09/07/180516366/queen-of-tears-masih-dicintai-5-bulan-usai-tamat-kim-soo-hyun-kembali,https://asset.kompas.com/crops/slhZS1kC4QKkrWD_vkZ4OgB7khc=/0x0:0x0/230x152/data/photo/2024/09/07/66dc252162261.jpg
"Dibantu Toyota, BMW Siap Meluncurkan Mobil Hidrogen di 2028",OTOMOTIF,07-09-2024,2024-09-08 07:04:30,https://otomotif.kompas.com/read/2024/09/07/180200015/dibantu-toyota-bmw-siap-meluncurkan-mobil-hidrogen-di-2028,https://asset.kompas.com/crops/pBsRi5b2WbGDl1O-Q8q2BofCpJ8=/4x0:700x464/230x152/data/photo/2024/09/07/66dc15b1e94e6.jpg
"Tak Pernah Mengajukan Pinjaman tapi Ditagih Pinjol, Apa yang Perlu Dilakukan?",TREN,07-09-2024,2024-09-08 07:04:31,https://www.kompas.com/tren/read/2024/09/07/180100465/tak-pernah-mengajukan-pinjaman-tapi-ditagih-pinjol-apa-yang-perlu-dilakukan,https://asset.kompas.com/crops/NlAIaO3QP-jPJcAo5Bbq5Ba2Kw4=/119x75:906x599/230x152/data/photo/2023/09/20/650b15bd7ee3d.jpg
"Jokowi Teken Aturan Cadangan Energi Nasional, Harus Dipenuhi hingga 2035",MONEY,07-09-2024,2024-09-08 07:04:31,https://money.kompas.com/read/2024/09/07/180000526/jokowi-teken-aturan-cadangan-energi-nasional-harus-dipenuhi-hingga-2035,https://asset.kompas.com/crops/l_pV-N0XV6sm2oPse890OT8mUhw=/0x0:0x0/230x152/data/photo/2024/09/06/66daf9ebab9a8.jpg
Apa yang Terjadi jika Makan Daging Merah Setiap Hari? Ini Ulasannya...,HEALTH,07-09-2024,2024-09-08 07:04:32,https://health.kompas.com/read/24I07180000068/apa-yang-terjadi-jika-makan-daging-merah-setiap-hari-ini-ulasannya-,https://asset.kompas.com/crops/vJsQiFyqMFqdgtDTji2AryLKMis=/0x0:6720x4480/230x152/data/photo/2024/05/01/6631c4e70d567.jpg
Pelatih Persib Puji Mentalitas Pemain PSM Walau Jauh dari Kandang,BOLA,07-09-2024,2024-09-08 07:04:32,https://bola.kompas.com/read/2024/09/07/18000058/pelatih-persib-puji-mentalitas-pemain-psm-walau-jauh-dari-kandang,https://asset.kompas.com/crops/UtVGqHijpPFIvsst9uBtdiGFXCQ=/0x0:3758x2505/230x152/data/photo/2024/07/27/66a4c48d3f207.jpeg
Tujuan Dilakukan Perubahan pada Sila Pertama dalam Piagam Jakarta,STORI,07-09-2024,2024-09-08 07:04:33,https://www.kompas.com/stori/read/2024/09/07/180000079/tujuan-dilakukan-perubahan-pada-sila-pertama-dalam-piagam-jakarta,https://asset.kompas.com/crops/63J1--M5KOXm6NygxLtcUqQdv-Q=/44x0:893x566/230x152/data/photo/2022/06/22/62b2854f35ea2.png
Hal-hal yang Perlu Dipertimbangkan Saat Memilih Karpet untuk Kamar Tidur,PROPERTI,07-09-2024,2024-09-08 07:04:33,https://properti.kompas.com/read/2024/09/07/180000321/hal-hal-yang-perlu-dipertimbangkan-saat-memilih-karpet-untuk-kamar-tidur,https://asset.kompas.com/crops/nj7sEE6Rb0p9TLiDMHajwjuaDAs=/0x0:1000x667/230x152/data/photo/2023/09/22/650ce9a543328.jpg
"Berawal dari Sepeda, Bocah 9 Tahun di Sidoarjo Dipukul Ayah dan Paman Teman",REGIONAL,07-09-2024,2024-09-08 07:04:34,https://surabaya.kompas.com/read/2024/09/07/175620878/berawal-dari-sepeda-bocah-9-tahun-di-sidoarjo-dipukul-ayah-dan-paman-teman,https://asset.kompas.com/crops/Ma5LZtaEI6Yw8i6Tjkyy7NNcS4c=/183x0:1098x610/230x152/data/photo/2023/07/12/64ae78a4d5999.jpeg
"Tanda-tanda Anak Jadi Pelaku Bullying, Orangtua Harus Tahu",LIFESTYLE,07-09-2024,2024-09-08 07:04:34,https://lifestyle.kompas.com/read/2024/09/07/174500520/tanda-tanda-anak-jadi-pelaku-bullying-orangtua-harus-tahu,https://asset.kompas.com/crops/eonirhMnRFdo7lzwAKRBE-9qFb4=/0x0:740x493/230x152/data/photo/2024/09/07/66dbfe0e936f1.jpg
Tips Mengelola Aplikasi agar Headunit Mobil Tidak Lemot,OTOMOTIF,07-09-2024,2024-09-08 07:04:35,https://otomotif.kompas.com/read/2024/09/07/174200115/tips-mengelola-aplikasi-agar-headunit-mobil-tidak-lemot,https://asset.kompas.com/crops/T7uKjRnVMBzCpZh3lWNQ_UwKSwQ=/0x0:4032x2688/230x152/data/photo/2024/07/17/669747be5c2dd.jpg
[KLARIFIKASI] Tidak Benar Panji Petualang Kritis karena Digigit Kobra,CEK FAKTA,07-09-2024,2024-09-08 07:04:35,https://www.kompas.com/cekfakta/read/2024/09/07/173800382/-klarifikasi-tidak-benar-panji-petualang-kritis-karena-digigit-kobra,https://asset.kompas.com/crops/UeapdW74_BV3qufaNC5prbedD6k=/0x0:0x0/230x152/data/photo/2023/11/18/655867300ec7a.jpeg
"Dorong UMKM di Dalam Negeri dan Go Global, BRI Dukung Gelaran Jelajah Kuliner Indonesia",ADVERTORIAL,07-09-2024,2024-09-08 07:04:36,https://biz.kompas.com/read/2024/09/07/173736328/dorong-umkm-di-dalam-negeri-dan-go-global-bri-dukung-gelaran-jelajah-kuliner,https://asset.kompas.com/crops/mDhlQibTjfiAwiIwg99K64GLieQ=/0x0:780x520/230x152/data/photo/2024/09/07/66dc2c9640797.jpeg
"Bocah 6 Tahun Bawa Senjata Api ke Sekolah, Ternyata Milik Ibunya",GLOBAL,07-09-2024,2024-09-08 07:04:36,https://www.kompas.com/global/read/2024/09/07/173700270/bocah-6-tahun-bawa-senjata-api-ke-sekolah-ternyata-milik-ibunya,https://asset.kompas.com/crops/lpu9MZWp-4qu9qPAdVaESk9dOyc=/74x0:659x390/230x152/data/photo/2014/03/10/0605288revolver780x390.JPG
Ketika Rano Karno Sentil soal Tamu yang Datang Tanpa Permisi,NEWS,07-09-2024,2024-09-08 07:04:37,https://megapolitan.kompas.com/read/2024/09/07/17360471/ketika-rano-karno-sentil-soal-tamu-yang-datang-tanpa-permisi,https://asset.kompas.com/crops/9dIuUvcpp6VmLVzbGrqeZ48MN48=/0x0:0x0/230x152/data/photo/2024/09/07/66dc204a87c69.jpg
Apa Arti Sinyal E di HP dan Kenapa Lemot? Ini Dia Penjelasan dan Cara Mengatasinya,TEKNO,07-09-2024,2024-09-08 07:04:37,https://tekno.kompas.com/read/2024/09/07/17350077/apa-arti-sinyal-e-di-hp-dan-kenapa-lemot-ini-dia-penjelasan-dan-cara,https://asset.kompas.com/crops/N_Q9YKJcaAZHICz6f9Hc1OcHD6I=/0x0:960x640/230x152/data/photo/2023/10/27/653bce28d214d.jpg
"Pernah Batalkan Pertunangan, Luna Maya: Daripada Nantinya Terjebak",HYPE,07-09-2024,2024-09-08 07:04:38,https://www.kompas.com/hype/read/2024/09/07/173000166/pernah-batalkan-pertunangan-luna-maya--daripada-nantinya-terjebak,https://asset.kompas.com/crops/_m3KRGbtpugClu-39hLAeGr2KD4=/74x50:876x584/230x152/data/photo/2023/09/03/64f49ba6bf377.png
"Cukup Olahraga 5 Menit Risiko Kanker Menurun Signifikan, Kok Bisa?",TREN,07-09-2024,2024-09-08 07:04:38,https://www.kompas.com/tren/read/2024/09/07/173000365/cukup-olahraga-5-menit-risiko-kanker-menurun-signifikan-kok-bisa-,https://asset.kompas.com/crops/-ZIuS2eJD-zU0-0qIJQB4_dbjBA=/59x0:903x563/230x152/data/photo/2024/03/11/65eee356de998.jpg
Asisten Prabowo Jadi Ketua Tim Pemenangan Luthfi-Yasin pada Pilkada Jateng,REGIONAL,07-09-2024,2024-09-08 07:04:39,https://regional.kompas.com/read/2024/09/07/172647378/asisten-prabowo-jadi-ketua-tim-pemenangan-luthfi-yasin-pada-pilkada-jateng,https://asset.kompas.com/crops/IZbdlPSQdQ9ef_SFs_KdyBHPIyU=/0x0:0x0/230x152/data/photo/2024/09/07/66dc0e9657d82.jpg
"Malaysia Akhirnya Temukan Penyebab Trotoar di Kuala Lumpur Ambles dan ""Telan"" Turis India",GLOBAL,07-09-2024,2024-09-08 07:04:39,https://www.kompas.com/global/read/2024/09/07/172543470/malaysia-akhirnya-temukan-penyebab-trotoar-di-kuala-lumpur-ambles-dan,https://asset.kompas.com/crops/hgTRcExjUSoBaVQcm898WH6TleU=/140x96:867x580/230x152/data/photo/2024/09/07/66dc2988b45ae.jpg
"Timnas Indonesia Berada dalam Laju Positif, Beda Pandangan Pemain Naturalisasi Dulu dan Sekarang",BOLA,07-09-2024,2024-09-08 07:04:40,https://bola.kompas.com/read/2024/09/07/17225088/timnas-indonesia-berada-dalam-laju-positif-beda-pandangan-pemain-naturalisasi,https://asset.kompas.com/crops/W1gqkn5B5f8rguq7eI7ygiwkyTQ=/0x0:3978x2652/230x152/data/photo/2024/09/04/66d7a37300295.jpeg
Desain Interior Natadesa Resort Residence Raih Penghargaan dari PropertyGuru,HOMEY,07-09-2024,2024-09-08 07:04:40,https://www.kompas.com/homey/read/2024/09/07/172207276/desain-interior-natadesa-resort-residence-raih-penghargaan-dari,https://asset.kompas.com/crops/t3QV2gNmL5e1AFgfmi9Nh7vEuKw=/260x90:1340x810/230x152/data/photo/2024/08/26/66cc83b856ba5.jpg
Jangan Simpan Barang-Barang Ini di Mobil Saat Cuaca Panas,OTOMOTIF,07-09-2024,2024-09-08 07:04:41,https://otomotif.kompas.com/read/2024/09/07/172200615/jangan-simpan-barang-barang-ini-di-mobil-saat-cuaca-panas,https://asset.kompas.com/crops/cREcTg4L9QBt3HuP8efPmFWGgv8=/95x0:635x360/230x152/data/photo/2022/09/11/631cdbda33ddc.jpg
Nyawa Istri Melayang karena Ogah Bayari Utang Judi Online Suami...,REGIONAL,07-09-2024,2024-09-08 07:04:41,https://bandung.kompas.com/read/2024/09/07/172006878/nyawa-istri-melayang-karena-ogah-bayari-utang-judi-online-suami,https://asset.kompas.com/crops/IG_zuW6TEXWaeqlEfjuPwWNMmlo=/0x0:900x600/230x152/data/photo/2018/03/22/803123697.jpg
"Perang di Gaza Hampir Setahun, Peluang Gencatan Senjata Menipis",GLOBAL,07-09-2024,2024-09-08 07:04:42,https://www.kompas.com/global/read/2024/09/07/171700570/perang-di-gaza-hampir-setahun-peluang-gencatan-senjata-menipis,https://asset.kompas.com/crops/hlJPypqk0-a-dxPQFZjdJub8GQk=/1x0:1024x682/230x152/data/photo/2024/07/12/6690e2de889f8.jpg
Kesan Jay Idzes Jadi Kapten Timnas Indonesia,BOLA,07-09-2024,2024-09-08 07:04:42,https://bola.kompas.com/read/2024/09/07/17153008/kesan-jay-idzes-jadi-kapten-timnas-indonesia,https://asset.kompas.com/crops/Go26EQMAdwIC5GYSJuEb9xi37jc=/0x0:900x600/230x152/data/photo/2024/09/03/66d70aafc7ac6.jpg
Pramono Janji Perbaiki Data KJP dan KIP agar Tak Salah Sasaran,NEWS,07-09-2024,2024-09-08 07:04:43,https://megapolitan.kompas.com/read/2024/09/07/17134521/pramono-janji-perbaiki-data-kjp-dan-kip-agar-tak-salah-sasaran,https://asset.kompas.com/crops/C9PEFzKMWXdeEofnddfaKmxnFZA=/0x0:0x0/230x152/data/photo/2024/09/07/66dc21e7a55af.jpg
"Sinopsis Film Fearless Hyena 2, Aksi Jackie Chan Balas Dendam Atas Kematian Sang Kakek",HYPE,07-09-2024,2024-09-08 07:04:43,https://www.kompas.com/hype/read/2024/09/07/171229366/sinopsis-film-fearless-hyena-2-aksi-jackie-chan-balas-dendam-atas-kematian,https://asset.kompas.com/crops/1O3rAbngsbU0Wsctz2h4TINLi88=/0x20:483x342/230x152/data/photo/2024/09/07/66dc264ac56e4.png
"Dua Anggota JAD Ditangkap di Bima, Polri Sebut Rekrutmen Kelompok Teror Masih Berjalan",NEWS,07-09-2024,2024-09-08 07:04:44,https://nasional.kompas.com/read/2024/09/07/17110071/dua-anggota-jad-ditangkap-di-bima-polri-sebut-rekrutmen-kelompok-teror-masih,https://asset.kompas.com/crops/vZHG_CrKXRsCpjcCPXVd3M5NSW8=/0x0:0x0/230x152/data/photo/2024/09/02/66d57d8765e9d.jpeg
"Istri di Sumedang Tewas Dibunuh Suami, Pelaku Sempat Pamit Beli Bubur lalu Kabur",REGIONAL,07-09-2024,2024-09-08 07:04:44,https://bandung.kompas.com/read/2024/09/07/170700278/istri-di-sumedang-tewas-dibunuh-suami-pelaku-sempat-pamit-beli-bubur-lalu,https://asset.kompas.com/crops/xacKwi57-0922Giy1lXF95RuxZo=/165x7:1507x902/230x152/data/photo/2022/08/11/62f455717fa9c.jpg
"3 Tips Datang ke Pameran Tur Wisata Golden Rama, Bawa Teman",TRAVEL,07-09-2024,2024-09-08 07:04:45,https://travel.kompas.com/read/2024/09/07/170500327/3-tips-datang-ke-pameran-tur-wisata-golden-rama-bawa-teman,https://asset.kompas.com/crops/QdITtlDwsuM2WhPH6y7fZxltzDs=/67x0:3442x2250/230x152/data/photo/2024/09/06/66db052459604.jpg
Tips agar Tidak Dibully dalam Lingkungan Senioritas yang Suka Membully,LIFESTYLE,07-09-2024,2024-09-08 07:04:45,https://lifestyle.kompas.com/read/2024/09/07/170300320/tips-agar-tidak-dibully-dalam-lingkungan-senioritas-yang-suka-membully,https://asset.kompas.com/crops/K6ix-pnU0Mc3kJPL0SwOGLMB0IE=/0x0:740x493/230x152/data/photo/2024/09/07/66dbdbae32aba.jpg
"Versi Terbaru Meluncur, Harga Fortuner Bekas Dijual mulai Rp 100 Jutaan",OTOMOTIF,07-09-2024,2024-09-08 07:04:46,https://otomotif.kompas.com/read/2024/09/07/170200515/versi-terbaru-meluncur-harga-fortuner-bekas-dijual-mulai-rp-100-jutaan,https://asset.kompas.com/crops/0jkPs_vrFiolxhQ748qU-NHMzIs=/409x639:3357x2605/230x152/data/photo/2024/09/07/66db4ec8030dc.jpg
Perumahan Terjangkau di Bawah Rp 200 Juta di Kabupaten Tabanan: Pilihan Ekonomis,PROPERTI,07-09-2024,2024-09-08 07:04:46,https://www.kompas.com/properti/read/2024/09/07/170000421/perumahan-terjangkau-di-bawah-rp-200-juta-di-kabupaten-tabanan--pilihan,https://asset.kompas.com/crops/sJ3m4XeitVh99lO91bxR5rACozg=/195x0:1545x900/230x152/data/photo/2024/03/20/65fa4faeb1502.jpeg
"Umur Hampir 40 Tahun, Jaejoong Ditagih Orangtua 'Kapan Menikah?'",HYPE,07-09-2024,2024-09-08 07:04:47,https://www.kompas.com/hype/read/2024/09/07/170000466/umur-hampir-40-tahun-jaejoong-ditagih-orangtua-kapan-menikah-,https://asset.kompas.com/crops/4RAXlQUVit020jLEXSIGceXIwdI=/0x62:499x394/230x152/data/photo/2024/09/07/66dbfa03e53c3.png
Keteladanan Sri Paus Fransiskus,TREN,07-09-2024,2024-09-08 07:04:47,https://www.kompas.com/tren/read/2024/09/07/170000765/keteladanan-sri-paus-fransiskus,https://asset.kompas.com/crops/5BR9yTTsZlermGYHWaOayqT2QXg=/0x0:0x0/230x152/data/photo/2024/09/06/66d9ec0f10919.jpg
RI Gandeng Investor dari Korsel untuk Kembangkan Bandara Komodo,MONEY,07-09-2024,2024-09-08 07:04:48,https://money.kompas.com/read/2024/09/07/170000226/ri-gandeng-investor-dari-korsel-untuk-kembangkan-bandara-komodo,https://asset.kompas.com/crops/0XhPR9hR0kuko_APfew8zh1SHnQ=/0x50:730x537/230x152/data/photo/2022/07/21/62d90311d547b.jpeg
Stadion GBK dalam Kondisi Cukup Baik Gelar Laga Indonesia Vs Australia,BOLA,07-09-2024,2024-09-08 07:04:48,https://bola.kompas.com/read/2024/09/07/16582518/stadion-gbk-dalam-kondisi-cukup-baik-gelar-laga-indonesia-vs-australia,https://asset.kompas.com/crops/Lsndg6wA38OYSRaagdyLG4YuZ40=/804x342:4804x3009/230x152/data/photo/2024/06/11/66677690bc25c.jpg
Tanggapan AS Usai Ukraina Minta Izin Gunakan Senjata Jarak Jauh untuk Serang Wilayah Rusia,GLOBAL,07-09-2024,2024-09-08 07:04:49,https://www.kompas.com/global/read/2024/09/07/165800870/tanggapan-as-usai-ukraina-minta-izin-gunakan-senjata-jarak-jauh-untuk,https://asset.kompas.com/crops/lRVWvJ8zWvJsYs-coel0TknYksM=/0x0:0x0/230x152/data/photo/2023/11/16/65558f474fbb1.jpeg
"Risiko Besar Rano Karno: Kalau Nyak Enggak Antar “Si Doel” Menang, Gue Balik Jadi Sopir Oplet",NEWS,07-09-2024,2024-09-08 07:04:49,https://megapolitan.kompas.com/read/2024/09/07/16531611/risiko-besar-rano-karno-kalau-nyak-enggak-antar-si-doel-menang-gue-balik,https://asset.kompas.com/crops/9dIuUvcpp6VmLVzbGrqeZ48MN48=/0x0:0x0/230x152/data/photo/2024/09/07/66dc204a87c69.jpg
"Hasil Kualifikasi MotoGP San Marino 2024, Bagnaia Pole Position",OTOMOTIF,07-09-2024,2024-09-08 07:04:50,https://otomotif.kompas.com/read/2024/09/07/165313915/hasil-kualifikasi-motogp-san-marino-2024-bagnaia-pole-position,https://asset.kompas.com/crops/6iDNsluWtFsP3mkHxvIc1WQtmCs=/0x400:1440x1360/230x152/data/photo/2024/06/30/66815309f0bfe.jpeg
Kenali 4 Penyebab Tenaga Mobil Matik Ngempos,OTOMOTIF,07-09-2024,2024-09-08 07:04:50,https://otomotif.kompas.com/read/2024/09/07/164200215/kenali-4-penyebab-tenaga-mobil-matik-ngempos,https://asset.kompas.com/crops/CEREviukC3lP1jJwhWGc1cMlPh8=/0x0:1200x800/230x152/data/photo/2024/09/07/66dbe75f480af.jpeg
